Rk,Pk,Tm,Player,College,Yrs,G,MP,PTS,TRB,AST,FG%,3P%,FT%,MP.1,PTS.1,TRB.1,AST.1,WS,WS/48,BPM,VORP,age,ast,ast_per_g,blk,college_id,fg,fg3,fg3_pct,fg3a,fg_pct,fga,ft,ft_pct,fta,g,mp,mp_per_g,name,orb,pf,pts,pts_per_g,stl,tov,trb,trb_per_g
1,1,PHI,Markelle Fultz,Washington,5.0,131.0,3251.0,1423.0,425.0,623.0,0.45,0.262,0.708,24.8,10.9,3.2,4.8,3.5,0.052,-2.0,0.0,18.0,148.0,5.9,30.0,WASHINGTON,209.0,52.0,.413,126.0,.476,439.0,109.0,.649,168.0,25.0,892.0,35.7,Markelle Fultz,33.0,63.0,579.0,23.2,40.0,80.0,143.0,5.7
2,2,LAL,Lonzo Ball,UCLA,5.0,252.0,8187.0,2995.0,1447.0,1563.0,0.4,0.364,0.578,32.5,11.9,5.7,6.2,11.4,0.067,1.0,6.3,19.0,274.0,7.6,28.0,UCLA,189.0,80.0,.412,194.0,.551,343.0,66.0,.673,98.0,36.0,1263.0,35.1,Lonzo Ball,33.0,65.0,524.0,14.6,66.0,89.0,216.0,6.0
3,3,BOS,Jayson Tatum,Duke,5.0,365.0,12184.0,7640.0,2420.0,1106.0,0.456,0.383,0.844,33.4,20.9,6.6,3.0,35.1,0.138,2.8,14.8,18.0,62.0,2.1,33.0,DUKE,165.0,40.0,.342,117.0,.452,365.0,118.0,.849,139.0,29.0,966.0,33.3,Jayson Tatum,39.0,86.0,488.0,16.8,39.0,76.0,213.0,7.3
4,4,PHO,Josh Jackson,Kansas,5.0,291.0,6718.0,3276.0,1159.0,534.0,0.416,0.292,0.68,23.1,11.3,4.0,1.8,-1.7,-0.012,-3.8,-3.1,19.0,104.0,3.0,37.0,KANSAS,220.0,34.0,.378,90.0,.513,429.0,98.0,.566,173.0,35.0,1077.0,30.8,Josh Jackson,81.0,104.0,572.0,16.3,59.0,97.0,258.0,7.4
5,5,SAC,De'Aaron Fox,Kentucky,5.0,322.0,10325.0,6148.0,1138.0,2005.0,0.462,0.32,0.725,32.1,19.1,3.5,6.2,15.7,0.073,0.1,5.4,19.0,165.0,4.6,7.0,KENTUCKY,214.0,17.0,.246,69.0,.479,447.0,156.0,.736,212.0,36.0,1064.0,29.6,De'Aaron Fox,21.0,90.0,601.0,16.7,53.0,87.0,143.0,4.0
6,6,ORL,Jonathan Isaac,Florida State,3.0,136.0,3512.0,1269.0,741.0,146.0,0.435,0.33,0.797,25.8,9.3,5.4,1.1,6.7,0.091,0.2,2.0,19.0,37.0,1.2,49.0,FLORIDAST,130.0,31.0,.348,89.0,.508,256.0,92.0,.780,118.0,32.0,839.0,26.2,Jonathan Isaac,56.0,70.0,383.0,12.0,37.0,48.0,251.0,7.8
7,7,MIN,Lauri Markkanen,Arizona,5.0,282.0,8389.0,4339.0,1904.0,354.0,0.441,0.364,0.85,29.7,15.4,6.8,1.3,16.6,0.095,-0.1,4.0,19.0,32.0,0.9,19.0,ARIZONA,185.0,69.0,.423,163.0,.492,376.0,137.0,.835,164.0,37.0,1140.0,30.8,Lauri Markkanen,88.0,73.0,576.0,15.6,15.0,40.0,266.0,7.2
9,9,DAL,Dennis Smith Jr.,NC State,5.0,216.0,5152.0,2317.0,636.0,917.0,0.402,0.312,0.652,23.9,10.7,2.9,4.2,-0.6,-0.005,-2.3,-0.4,19.0,197.0,6.2,14.0,NCSTATE,191.0,55.0,.359,153.0,.455,420.0,143.0,.715,200.0,32.0,1114.0,34.8,Dennis Smith Jr.,26.0,67.0,580.0,18.1,62.0,108.0,146.0,4.6
10,10,SAC,Zach Collins,Gonzaga,4.0,182.0,3193.0,1099.0,767.0,200.0,0.452,0.327,0.743,17.5,6.0,4.2,1.1,5.1,0.077,-2.2,-0.2,19.0,16.0,0.4,69.0,GONZAGA,135.0,10.0,.476,21.0,.652,207.0,110.0,.743,148.0,39.0,673.0,17.3,Zach Collins,66.0,105.0,390.0,10.0,18.0,60.0,230.0,5.9
11,11,CHO,Malik Monk,Kentucky,5.0,309.0,6298.0,3176.0,717.0,627.0,0.424,0.355,0.83,20.4,10.3,2.3,2.0,5.6,0.043,-1.9,0.1,18.0,87.0,2.3,19.0,KENTUCKY,251.0,104.0,.397,262.0,.450,558.0,148.0,.822,180.0,38.0,1218.0,32.1,Malik Monk,12.0,72.0,754.0,19.8,36.0,75.0,95.0,2.5
12,12,DET,Luke Kennard,Duke,5.0,297.0,6973.0,2966.0,847.0,603.0,0.449,0.425,0.869,23.5,10.0,2.9,2.0,14.2,0.098,-0.3,3.0,20.0,91.0,2.5,13.0,DUKE,237.0,88.0,.438,201.0,.489,485.0,160.0,.856,187.0,37.0,1314.0,35.5,Luke Kennard,43.0,83.0,722.0,19.5,31.0,59.0,188.0,5.1
13,13,DEN,Donovan Mitchell,Louisville,5.0,345.0,11637.0,8234.0,1433.0,1542.0,0.441,0.361,0.833,33.7,23.9,4.2,4.5,29.0,0.12,2.4,13.1,20.0,93.0,2.7,17.0,LOUISVILLE,181.0,80.0,.354,226.0,.408,444.0,87.0,.806,108.0,34.0,1098.0,32.3,Donovan Mitchell,37.0,88.0,529.0,15.6,70.0,56.0,165.0,4.9
14,14,MIA,Bam Adebayo,Kentucky,5.0,343.0,9666.0,4617.0,2850.0,1189.0,0.558,0.14,0.741,28.2,13.5,8.3,3.5,35.4,0.176,3.0,12.1,19.0,32.0,0.8,57.0,KENTUCKY,170.0,0.0,0,0.0,.599,284.0,154.0,.653,236.0,38.0,1145.0,30.1,Bam Adebayo,118.0,99.0,494.0,13.0,26.0,64.0,304.0,8.0
15,15,POR,Justin Jackson,UNC,5.0,255.0,4779.0,1656.0,637.0,276.0,0.426,0.321,0.799,18.7,6.5,2.5,1.1,5.3,0.053,-2.8,-1.0,21.0,113.0,2.8,9.0,UNC,264.0,105.0,.370,284.0,.443,596.0,98.0,.748,131.0,40.0,1281.0,32.0,Justin Jackson,58.0,55.0,731.0,18.3,31.0,69.0,186.0,4.7
15,15,POR,Justin Jackson,UNC,5.0,255.0,4779.0,1656.0,637.0,276.0,0.426,0.321,0.799,18.7,6.5,2.5,1.1,5.3,0.053,-2.8,-1.0,20.0,21.0,1.9,9.0,MARYLAND,37.0,10.0,.250,40.0,.366,101.0,24.0,.828,29.0,11.0,321.0,29.2,Justin Jackson,27.0,15.0,108.0,9.8,9.0,32.0,89.0,8.1
43,43,DEN,Justin Jackson,Maryland,,,,,,,,,,,,,,,,,,21.0,113.0,2.8,9.0,UNC,264.0,105.0,.370,284.0,.443,596.0,98.0,.748,131.0,40.0,1281.0,32.0,Justin Jackson,58.0,55.0,731.0,18.3,31.0,69.0,186.0,4.7
43,43,DEN,Justin Jackson,Maryland,,,,,,,,,,,,,,,,,,20.0,21.0,1.9,9.0,MARYLAND,37.0,10.0,.250,40.0,.366,101.0,24.0,.828,29.0,11.0,321.0,29.2,Justin Jackson,27.0,15.0,108.0,9.8,9.0,32.0,89.0,8.1
16,16,CHI,Justin Patton,Creighton,4.0,22.0,296.0,86.0,60.0,19.0,0.404,0.25,0.667,13.5,3.9,2.7,0.9,0.4,0.066,-2.8,-0.1,19.0,41.0,1.2,50.0,CREIGHTON,200.0,8.0,.533,15.0,.676,296.0,45.0,.517,87.0,35.0,885.0,25.3,Justin Patton,59.0,96.0,453.0,12.9,30.0,60.0,218.0,6.2
17,17,MIL,D.J. Wilson,Michigan,5.0,146.0,1803.0,647.0,452.0,108.0,0.419,0.327,0.618,12.3,4.4,3.1,0.7,2.8,0.075,-2.6,-0.3,20.0,50.0,1.3,57.0,MICHIGAN,164.0,41.0,.373,110.0,.538,305.0,50.0,.833,60.0,38.0,1155.0,30.4,D.J. Wilson,57.0,72.0,419.0,11.0,20.0,42.0,203.0,5.3
18,18,IND,T.J. Leaf,UCLA,4.0,146.0,1238.0,477.0,283.0,43.0,0.492,0.341,0.585,8.5,3.3,1.9,0.3,2.7,0.104,-1.8,0.1,19.0,85.0,2.4,39.0,UCLA,235.0,27.0,.466,58.0,.617,381.0,72.0,.679,106.0,35.0,1048.0,29.9,T.J. Leaf,78.0,89.0,569.0,16.3,22.0,52.0,287.0,8.2
19,19,ATL,John Collins,Wake Forest,5.0,293.0,8488.0,4837.0,2441.0,455.0,0.559,0.376,0.779,29.0,16.5,8.3,1.6,28.1,0.159,1.5,7.4,19.0,17.0,0.5,52.0,WAKE,234.0,0.0,.000,1.0,.622,376.0,164.0,.745,220.0,33.0,878.0,26.6,John Collins,124.0,98.0,632.0,19.2,21.0,60.0,324.0,9.8
20,20,POR,Harry Giles,Duke,3.0,142.0,1835.0,832.0,543.0,174.0,0.511,0.258,0.671,12.9,5.9,3.8,1.2,3.0,0.079,-2.4,-0.2,18.0,9.0,0.3,17.0,DUKE,45.0,0.0,0,0.0,.577,78.0,12.0,.500,24.0,26.0,300.0,11.5,Harry Giles,41.0,58.0,102.0,3.9,9.0,18.0,100.0,3.8
22,22,BRK,Jarrett Allen,Texas,5.0,341.0,9062.0,3945.0,2964.0,467.0,0.626,0.189,0.699,26.6,11.6,8.7,1.4,34.9,0.185,1.7,8.5,18.0,27.0,0.8,51.0,TEXAS,179.0,0.0,.000,7.0,.566,316.0,84.0,.564,149.0,33.0,1061.0,32.2,Jarrett Allen,100.0,68.0,442.0,13.4,19.0,84.0,278.0,8.4
23,23,TOR,OG Anunoby,Indiana,5.0,301.0,8060.0,3144.0,1246.0,429.0,0.47,0.372,0.709,26.8,10.4,4.1,1.4,17.6,0.105,0.1,4.3,19.0,23.0,1.4,21.0,INDIANA,68.0,14.0,.311,45.0,.557,122.0,27.0,.563,48.0,16.0,402.0,25.1,OG Anunoby,28.0,33.0,177.0,11.1,21.0,26.0,87.0,5.4
24,24,UTA,Tyler Lydon,Syracuse,2.0,26.0,96.0,23.0,18.0,6.0,0.5,0.4,0.333,3.7,0.9,0.7,0.2,0.2,0.084,-4.3,-0.1,20.0,70.0,2.1,49.0,SYRACUSE,151.0,49.0,.395,124.0,.473,319.0,97.0,.836,116.0,34.0,1227.0,36.1,Tyler Lydon,79.0,84.0,448.0,13.2,35.0,59.0,294.0,8.6
26,26,POR,Caleb Swanigan,Purdue,3.0,75.0,655.0,169.0,218.0,56.0,0.438,0.118,0.614,8.7,2.3,2.9,0.7,-0.2,-0.015,-6.2,-0.7,19.0,107.0,3.1,28.0,PURDUE,222.0,38.0,.447,85.0,.527,421.0,164.0,.781,210.0,35.0,1139.0,32.5,Caleb Swanigan,96.0,97.0,646.0,18.5,15.0,118.0,436.0,12.5
27,27,BRK,Kyle Kuzma,Utah,5.0,342.0,10399.0,5336.0,2116.0,759.0,0.449,0.339,0.723,30.4,15.6,6.2,2.2,14.2,0.066,-1.0,2.7,21.0,71.0,2.4,14.0,UTAH,182.0,27.0,.321,84.0,.504,361.0,85.0,.669,127.0,29.0,894.0,30.8,Kyle Kuzma,81.0,46.0,476.0,16.4,18.0,62.0,271.0,9.3
28,28,LAL,Tony Bradley,UNC,5.0,167.0,1961.0,773.0,718.0,89.0,0.634,0.429,0.672,11.7,4.6,4.3,0.5,7.4,0.181,0.2,1.1,19.0,23.0,0.6,22.0,UNC,102.0,0.0,0,0.0,.573,178.0,65.0,.619,105.0,38.0,553.0,14.6,Tony Bradley,98.0,69.0,269.0,7.1,10.0,25.0,195.0,5.1
29,29,SAS,Derrick White,Colorado,5.0,263.0,6807.0,3027.0,864.0,1006.0,0.442,0.34,0.838,25.9,11.5,3.3,3.8,15.3,0.108,1.1,5.3,22.0,148.0,4.4,49.0,COLORADO,205.0,57.0,.396,144.0,.507,404.0,148.0,.813,182.0,34.0,1116.0,32.8,Derrick White,35.0,72.0,615.0,18.1,42.0,81.0,139.0,4.1
30,30,UTA,Josh Hart,Villanova,5.0,296.0,8071.0,2918.0,1701.0,614.0,0.45,0.347,0.739,27.3,9.9,5.7,2.1,15.7,0.094,-0.3,3.4,21.0,106.0,2.9,10.0,VILLANOVA,236.0,74.0,.404,183.0,.510,463.0,127.0,.747,170.0,36.0,1193.0,33.1,Josh Hart,51.0,81.0,673.0,18.7,56.0,71.0,230.0,6.4
31,31,CHO,Frank Jackson,Duke,4.0,213.0,3868.0,1816.0,390.0,221.0,0.422,0.333,0.786,18.2,8.5,1.8,1.0,2.5,0.031,-3.9,-1.9,18.0,61.0,1.7,2.0,DUKE,133.0,51.0,.395,129.0,.473,281.0,77.0,.755,102.0,36.0,895.0,24.9,Frank Jackson,23.0,85.0,394.0,10.9,20.0,49.0,90.0,2.5
32,32,PHO,Davon Reed,Miami (FL),3.0,79.0,957.0,284.0,153.0,69.0,0.434,0.391,0.667,12.1,3.6,1.9,0.9,1.4,0.07,-2.1,0.0,21.0,79.0,2.4,16.0,MIAMIFL,161.0,79.0,.397,199.0,.433,372.0,90.0,.833,108.0,33.0,1165.0,35.3,Davon Reed,28.0,52.0,491.0,14.9,43.0,67.0,158.0,4.8
33,33,ORL,Wes Iwundu,Kansas State,5.0,226.0,3827.0,989.0,555.0,208.0,0.408,0.292,0.798,16.9,4.4,2.5,0.9,4.2,0.053,-3.9,-1.8,22.0,121.0,3.5,12.0,KANSASST,151.0,32.0,.376,85.0,.481,314.0,122.0,.767,159.0,35.0,1098.0,31.4,Wes Iwundu,36.0,63.0,456.0,13.0,35.0,81.0,221.0,6.3
34,34,SAC,Frank Mason III,Kansas,4.0,103.0,1616.0,695.0,204.0,272.0,0.396,0.301,0.755,15.7,6.7,2.0,2.6,1.2,0.035,-2.6,-0.3,22.0,187.0,5.2,2.0,KANSAS,241.0,82.0,.471,174.0,.490,492.0,189.0,.794,238.0,36.0,1301.0,36.1,Frank Mason III,22.0,73.0,753.0,20.9,47.0,86.0,150.0,4.2
35,35,ORL,Ivan Rabb,California,2.0,85.0,1237.0,485.0,364.0,86.0,0.555,0.2,0.743,14.6,5.7,4.3,1.0,3.2,0.125,-1.7,0.1,19.0,48.0,1.5,31.0,CALIFORNIA,151.0,8.0,.400,20.0,.484,312.0,124.0,.663,187.0,31.0,1012.0,32.6,Ivan Rabb,94.0,96.0,434.0,14.0,21.0,67.0,324.0,10.5
37,37,BOS,Semi Ojeleye,SMU,5.0,284.0,4111.0,975.0,613.0,126.0,0.384,0.344,0.717,14.5,3.4,2.2,0.4,5.2,0.061,-3.4,-1.5,22.0,53.0,1.5,14.0,SMETHODIST,210.0,73.0,.424,172.0,.487,431.0,172.0,.785,219.0,35.0,1195.0,34.1,Semi Ojeleye,80.0,62.0,665.0,19.0,15.0,50.0,240.0,6.9
38,38,CHI,Jordan Bell,Oregon,5.0,161.0,1937.0,593.0,497.0,201.0,0.552,0.2,0.636,12.0,3.7,3.1,1.2,4.9,0.121,0.2,1.1,22.0,70.0,1.8,88.0,OREGON,171.0,3.0,.214,14.0,.636,269.0,82.0,.701,117.0,39.0,1124.0,28.8,Jordan Bell,112.0,68.0,427.0,10.9,49.0,75.0,342.0,8.8
39,39,PHI,Jawun Evans,Oklahoma State,2.0,56.0,843.0,237.0,96.0,110.0,0.345,0.263,0.776,15.1,4.2,1.7,2.0,-0.4,-0.022,-5.4,-0.7,20.0,204.0,6.4,4.0,OKSTATE,211.0,36.0,.379,95.0,.438,482.0,155.0,.812,191.0,32.0,936.0,29.3,Jawun Evans,24.0,74.0,613.0,19.2,57.0,90.0,110.0,3.4
40,40,NOP,Dwayne Bacon,Florida State,4.0,207.0,4012.0,1503.0,537.0,230.0,0.402,0.314,0.78,19.4,7.3,2.6,1.1,0.8,0.01,-5.1,-3.1,21.0,61.0,1.7,4.0,FLORIDAST,221.0,57.0,.333,171.0,.452,489.0,104.0,.754,138.0,35.0,1008.0,28.8,Dwayne Bacon,35.0,55.0,603.0,17.2,35.0,71.0,147.0,4.2
41,41,ATL,Tyler Dorsey,Oregon,2.0,104.0,1672.0,701.0,243.0,135.0,0.389,0.35,0.669,16.1,6.7,2.3,1.3,1.0,0.03,-3.1,-0.5,20.0,67.0,1.7,4.0,OREGON,189.0,88.0,.423,208.0,.467,405.0,105.0,.755,139.0,39.0,1169.0,30.0,Tyler Dorsey,33.0,57.0,571.0,14.6,30.0,59.0,135.0,3.5
42,42,UTA,Thomas Bryant,Indiana,5.0,170.0,3425.0,1733.0,971.0,219.0,0.59,0.35,0.764,20.1,10.2,5.7,1.3,11.6,0.163,1.5,3.0,19.0,50.0,1.5,52.0,INDIANA,148.0,23.0,.383,60.0,.519,285.0,108.0,.730,148.0,34.0,954.0,28.1,Thomas Bryant,76.0,104.0,427.0,12.6,26.0,78.0,226.0,6.6
44,44,NYK,Damyean Dotson,Oregon,5.0,213.0,4242.0,1594.0,532.0,315.0,0.417,0.345,0.711,19.9,7.5,2.5,1.5,3.0,0.034,-2.8,-0.9,22.0,36.0,1.1,5.0,HOUSTON,202.0,108.0,.443,244.0,.470,430.0,44.0,.830,53.0,32.0,1098.0,34.3,Damyean Dotson,49.0,53.0,556.0,17.4,29.0,33.0,222.0,6.9
45,45,HOU,Dillon Brooks,Oregon,5.0,272.0,7674.0,3955.0,829.0,546.0,0.421,0.348,0.799,28.2,14.5,3.0,2.0,5.3,0.033,-3.8,-3.5,21.0,95.0,2.7,16.0,OREGON,206.0,57.0,.401,142.0,.488,422.0,95.0,.754,126.0,35.0,886.0,25.3,Dillon Brooks,35.0,97.0,564.0,16.1,38.0,72.0,113.0,3.2
46,46,PHI,Sterling Brown,SMU,5.0,264.0,4434.0,1431.0,883.0,266.0,0.42,0.364,0.796,16.8,5.4,3.3,1.0,6.5,0.071,-2.1,-0.1,21.0,105.0,3.0,19.0,SMETHODIST,161.0,61.0,.449,136.0,.459,351.0,87.0,.791,110.0,35.0,1143.0,32.7,Sterling Brown,55.0,91.0,470.0,13.4,50.0,69.0,227.0,6.5
47,47,IND,Ike Anigbogu,UCLA,2.0,14.0,36.0,13.0,12.0,1.0,0.333,,0.833,2.6,0.9,0.9,0.1,0.0,0.057,-1.1,0.0,18.0,6.0,0.2,35.0,UCLA,57.0,0.0,0,0.0,.564,101.0,23.0,.535,43.0,29.0,377.0,13.0,Ike Anigbogu,41.0,72.0,137.0,4.7,5.0,24.0,117.0,4.0
48,48,MIL,Sindarius Thornwell,South Carolina,4.0,160.0,1721.0,401.0,206.0,111.0,0.407,0.34,0.672,10.8,2.5,1.3,0.7,1.1,0.032,-3.1,-0.5,22.0,86.0,2.8,30.0,SCAROLINA,195.0,58.0,.392,148.0,.444,439.0,215.0,.830,259.0,31.0,1051.0,33.9,Sindarius Thornwell,77.0,71.0,663.0,21.4,66.0,76.0,221.0,7.1
51,51,DEN,Monte Morris,Iowa State,5.0,280.0,7066.0,2947.0,655.0,1042.0,0.481,0.394,0.83,25.2,10.5,2.3,3.7,18.5,0.125,0.3,4.2,21.0,217.0,6.2,10.0,IOWAST,216.0,54.0,.378,143.0,.465,465.0,89.0,.802,111.0,35.0,1237.0,35.3,Monte Morris,40.0,51.0,575.0,16.4,53.0,42.0,169.0,4.8
52,52,NOP,Edmond Sumner,Xavier,4.0,108.0,1520.0,619.0,165.0,114.0,0.474,0.333,0.728,14.1,5.7,1.5,1.1,1.9,0.061,-3.2,-0.4,21.0,105.0,5.0,16.0,XAVIER,101.0,12.0,.273,44.0,.479,211.0,100.0,.735,136.0,21.0,696.0,33.1,Edmond Sumner,11.0,51.0,314.0,15.0,27.0,58.0,91.0,4.3
53,53,BOS,Kadeem Allen,Arizona,3.0,47.0,640.0,258.0,71.0,109.0,0.435,0.349,0.757,13.6,5.5,1.5,2.3,1.0,0.075,-1.2,0.1,24.0,101.0,3.0,21.0,ARIZONA,107.0,32.0,.427,75.0,.453,236.0,86.0,.741,116.0,34.0,1020.0,30.0,Kadeem Allen,12.0,83.0,332.0,9.8,53.0,65.0,137.0,4.0
54,54,PHO,Alec Peters,Valparaiso,1.0,20.0,225.0,82.0,37.0,12.0,0.378,0.31,0.8,11.3,4.1,1.9,0.6,0.3,0.055,-2.8,0.0,21.0,64.0,2.2,11.0,VALPO,218.0,58.0,.363,160.0,.466,468.0,172.0,.887,194.0,29.0,1019.0,35.1,Alec Peters,74.0,64.0,666.0,23.0,23.0,71.0,293.0,10.1
55,55,UTA,Nigel Williams-Goss,Gonzaga,1.0,10.0,50.0,14.0,6.0,6.0,0.313,0.286,1.0,5.0,1.4,0.6,0.6,0.0,0.017,-3.9,0.0,22.0,179.0,4.7,3.0,GONZAGA,220.0,43.0,.368,117.0,.486,453.0,157.0,.867,181.0,38.0,1248.0,32.8,Nigel Williams-Goss,22.0,60.0,640.0,16.8,64.0,81.0,227.0,6.0
56,56,BOS,Jabari Bird,California,1.0,13.0,115.0,39.0,19.0,8.0,0.577,0.429,0.462,8.8,3.0,1.5,0.6,0.2,0.098,-3.1,0.0,22.0,28.0,1.0,6.0,CALIFORNIA,140.0,65.0,.365,178.0,.440,318.0,42.0,.764,55.0,27.0,863.0,32.0,Jabari Bird,26.0,52.0,387.0,14.3,18.0,50.0,127.0,4.7
59,59,SAS,Jaron Blossomgame,Clemson,1.0,27.0,439.0,114.0,98.0,13.0,0.443,0.256,0.769,16.3,4.2,3.6,0.5,0.3,0.03,-3.8,-0.2,23.0,51.0,1.5,30.0,CLEMSON,220.0,24.0,.255,94.0,.499,441.0,120.0,.714,168.0,33.0,1133.0,34.3,Jaron Blossomgame,59.0,53.0,584.0,17.7,27.0,56.0,207.0,6.3
1,1,PHO,Deandre Ayton,Arizona,4.0,236.0,7247.0,3843.0,2485.0,380.0,0.599,0.25,0.754,30.7,16.3,10.5,1.6,24.6,0.163,1.1,5.7,19.0,57.0,1.6,66.0,ARIZONA,276.0,12.0,.343,35.0,.612,451.0,140.0,.733,191.0,35.0,1172.0,33.5,Deandre Ayton,118.0,81.0,704.0,20.1,20.0,69.0,405.0,11.6
2,2,SAC,Marvin Bagley III,Duke,4.0,166.0,4159.0,2256.0,1224.0,151.0,0.501,0.291,0.663,25.1,13.6,7.4,0.9,7.3,0.085,-2.1,-0.1,18.0,50.0,1.5,29.0,DUKE,270.0,23.0,.397,58.0,.614,440.0,131.0,.627,209.0,33.0,1118.0,33.9,Marvin Bagley III,132.0,60.0,694.0,21.0,27.0,75.0,366.0,11.1
4,4,MEM,Jaren Jackson Jr.,Michigan State,4.0,204.0,5521.0,3218.0,1050.0,240.0,0.453,0.351,0.791,27.1,15.8,5.1,1.2,12.8,0.112,0.0,2.8,18.0,39.0,1.1,106.0,MICHIGANST,119.0,38.0,.396,96.0,.513,232.0,106.0,.797,133.0,35.0,764.0,21.8,Jaren Jackson Jr.,52.0,112.0,382.0,10.9,21.0,62.0,203.0,5.8
5,5,DAL,Trae Young,Oklahoma,4.0,280.0,9400.0,7076.0,1085.0,2544.0,0.44,0.355,0.873,33.6,25.3,3.9,9.1,26.3,0.134,3.0,11.9,19.0,279.0,8.7,8.0,OKLAHOMA,261.0,118.0,.360,328.0,.422,618.0,236.0,.861,274.0,32.0,1133.0,35.4,Trae Young,14.0,57.0,876.0,27.4,54.0,167.0,125.0,3.9
6,6,ORL,Mo Bamba,Texas,4.0,226.0,4193.0,1747.0,1372.0,201.0,0.475,0.352,0.685,18.6,7.7,6.1,0.9,10.4,0.119,0.2,2.3,19.0,15.0,0.5,111.0,TEXAS,146.0,14.0,.275,51.0,.541,270.0,81.0,.681,119.0,30.0,906.0,30.2,Mo Bamba,96.0,76.0,387.0,12.9,23.0,46.0,316.0,10.5
7,7,CHI,Wendell Carter Jr.,Duke,4.0,203.0,5593.0,2476.0,1803.0,404.0,0.513,0.298,0.731,27.6,12.2,8.9,2.0,13.6,0.116,-0.7,1.9,18.0,74.0,2.0,76.0,DUKE,179.0,19.0,.413,46.0,.561,319.0,124.0,.738,168.0,37.0,997.0,26.9,Wendell Carter Jr.,109.0,105.0,501.0,13.5,30.0,75.0,335.0,9.1
8,8,CLE,Collin Sexton,Alabama,4.0,218.0,7179.0,4356.0,663.0,720.0,0.458,0.378,0.827,32.9,20.0,3.0,3.3,5.4,0.036,-2.5,-0.9,19.0,119.0,3.6,3.0,ALABAMA,196.0,44.0,.336,131.0,.447,438.0,196.0,.778,252.0,33.0,987.0,29.9,Collin Sexton,34.0,81.0,632.0,19.2,28.0,92.0,124.0,3.8
9,9,NYK,Kevin Knox,Kentucky,4.0,212.0,4010.0,1638.0,624.0,172.0,0.369,0.34,0.705,18.9,7.7,2.9,0.8,-0.3,-0.004,-4.7,-2.7,18.0,53.0,1.4,10.0,KENTUCKY,196.0,57.0,.341,167.0,.445,440.0,127.0,.774,164.0,37.0,1198.0,32.4,Kevin Knox,33.0,82.0,576.0,15.6,31.0,85.0,200.0,5.4
10,10,PHI,Mikal Bridges,Villanova,4.0,309.0,9661.0,3483.0,1212.0,639.0,0.509,0.374,0.831,31.3,11.3,3.9,2.1,24.6,0.122,1.1,7.5,21.0,77.0,1.9,43.0,VILLANOVA,244.0,104.0,.435,239.0,.514,475.0,114.0,.851,134.0,40.0,1285.0,32.1,Mikal Bridges,54.0,86.0,706.0,17.7,61.0,54.0,212.0,5.3
11,11,CHO,Shai Gilgeous-Alexander,Kentucky,4.0,243.0,7724.0,4421.0,1088.0,1040.0,0.473,0.348,0.807,31.8,18.2,4.5,4.3,17.6,0.109,1.9,7.5,19.0,189.0,5.1,18.0,KENTUCKY,183.0,23.0,.404,57.0,.485,377.0,143.0,.817,175.0,37.0,1248.0,33.7,Shai Gilgeous-Alexander,33.0,62.0,532.0,14.4,61.0,100.0,153.0,4.1
12,12,LAC,Miles Bridges,Michigan State,4.0,291.0,8460.0,3893.0,1641.0,656.0,0.473,0.346,0.809,29.1,13.4,5.6,2.3,16.0,0.091,-0.2,3.8,19.0,92.0,2.7,26.0,MICHIGANST,209.0,71.0,.364,195.0,.457,457.0,93.0,.853,109.0,34.0,1067.0,31.4,Miles Bridges,43.0,53.0,582.0,17.1,21.0,67.0,237.0,7.0
13,13,LAC,Jerome Robinson,Boston College,3.0,113.0,1604.0,514.0,208.0,131.0,0.363,0.31,0.721,14.2,4.5,1.8,1.2,-0.1,-0.003,-4.7,-1.1,20.0,116.0,3.3,5.0,BOSTONCOLL,249.0,81.0,.409,198.0,.485,513.0,146.0,.830,176.0,35.0,1260.0,36.0,Jerome Robinson,17.0,88.0,725.0,20.7,30.0,96.0,126.0,3.6
14,14,DEN,Michael Porter Jr.,Missouri,3.0,125.0,3080.0,1763.0,763.0,133.0,0.518,0.419,0.795,24.6,14.1,6.1,1.1,9.6,0.15,2.1,3.1,19.0,1.0,0.3,1.0,MISSOURI,10.0,3.0,.300,10.0,.333,30.0,7.0,.778,9.0,3.0,53.0,17.7,Michael Porter Jr.,4.0,6.0,30.0,10.0,3.0,3.0,20.0,6.7
15,15,WAS,Troy Brown Jr.,Oregon,4.0,221.0,4091.0,1408.0,836.0,353.0,0.429,0.337,0.755,18.5,6.4,3.8,1.6,4.9,0.058,-2.0,0.0,18.0,111.0,3.2,7.0,OREGON,143.0,32.0,.291,110.0,.444,322.0,78.0,.743,105.0,35.0,1093.0,31.2,Troy Brown Jr.,53.0,78.0,396.0,11.3,55.0,86.0,217.0,6.2
16,16,PHO,Zhaire Smith,Texas Tech,2.0,13.0,143.0,48.0,15.0,12.0,0.378,0.316,0.667,11.0,3.7,1.2,0.9,0.0,0.011,-6.1,-0.1,18.0,66.0,1.8,42.0,TXTECH,154.0,18.0,.450,40.0,.556,277.0,91.0,.717,127.0,37.0,1051.0,28.4,Zhaire Smith,83.0,67.0,417.0,11.3,42.0,41.0,185.0,5.0
17,17,MIL,Donte DiVincenzo,Villanova,4.0,201.0,4751.0,1809.0,933.0,506.0,0.415,0.347,0.766,23.6,9.0,4.6,2.5,9.2,0.093,-0.2,2.2,21.0,139.0,3.5,8.0,VILLANOVA,188.0,85.0,.401,212.0,.481,391.0,76.0,.710,107.0,40.0,1170.0,29.3,Donte DiVincenzo,46.0,83.0,537.0,13.4,42.0,79.0,190.0,4.8
18,18,SAS,Lonnie Walker IV,Miami (FL),4.0,208.0,4240.0,1952.0,492.0,330.0,0.414,0.343,0.779,20.4,9.4,2.4,1.6,2.0,0.022,-3.2,-1.3,19.0,61.0,1.9,15.0,MIAMIFL,132.0,56.0,.346,162.0,.415,318.0,48.0,.738,65.0,32.0,888.0,27.8,Lonnie Walker IV,13.0,51.0,368.0,11.5,30.0,37.0,83.0,2.6
19,19,ATL,Kevin Huerter,Maryland,4.0,274.0,8122.0,3125.0,958.0,871.0,0.431,0.379,0.788,29.6,11.4,3.5,3.2,9.4,0.056,-1.3,1.4,19.0,108.0,3.4,21.0,MARYLAND,162.0,73.0,.417,175.0,.503,322.0,75.0,.758,99.0,32.0,1101.0,34.4,Kevin Huerter,31.0,76.0,472.0,14.8,20.0,80.0,161.0,5.0
20,20,MIN,Josh Okogie,Georgia Tech,4.0,244.0,5017.0,1552.0,712.0,278.0,0.403,0.275,0.758,20.6,6.4,2.9,1.1,5.3,0.051,-2.9,-1.2,19.0,59.0,2.5,23.0,GATECH,133.0,38.0,.380,100.0,.416,320.0,133.0,.821,162.0,24.0,873.0,36.4,Josh Okogie,54.0,70.0,437.0,18.2,42.0,61.0,150.0,6.3
21,21,UTA,Grayson Allen,Duke,4.0,192.0,4198.0,1806.0,490.0,285.0,0.433,0.393,0.841,21.9,9.4,2.6,1.5,8.1,0.092,-0.7,1.4,22.0,172.0,4.6,2.0,DUKE,181.0,102.0,.370,276.0,.418,433.0,108.0,.850,127.0,37.0,1319.0,35.6,Grayson Allen,20.0,79.0,572.0,15.5,64.0,79.0,123.0,3.3
22,22,CHI,Chandler Hutchison,Boise State,4.0,103.0,1790.0,558.0,376.0,79.0,0.442,0.309,0.643,17.4,5.4,3.7,0.8,1.1,0.03,-3.9,-0.9,21.0,107.0,3.5,8.0,BOISEST,205.0,46.0,.359,128.0,.475,432.0,163.0,.728,224.0,31.0,961.0,31.0,Chandler Hutchison,27.0,74.0,619.0,20.0,46.0,104.0,238.0,7.7
23,23,IND,Aaron Holiday,UCLA,4.0,245.0,4460.0,1796.0,434.0,588.0,0.412,0.373,0.84,18.2,7.3,1.8,2.4,4.7,0.051,-2.3,-0.4,21.0,192.0,5.8,8.0,UCLA,212.0,88.0,.429,205.0,.461,460.0,159.0,.828,192.0,33.0,1244.0,37.7,Aaron Holiday,17.0,87.0,671.0,20.3,42.0,125.0,121.0,3.7
25,25,LAL,Moritz Wagner,Michigan,4.0,196.0,2963.0,1474.0,682.0,217.0,0.487,0.321,0.813,15.1,7.5,3.5,1.1,5.9,0.096,-1.4,0.4,20.0,33.0,0.8,20.0,MICHIGAN,216.0,63.0,.394,160.0,.528,409.0,75.0,.694,108.0,39.0,1078.0,27.6,Moritz Wagner,57.0,120.0,570.0,14.6,38.0,56.0,278.0,7.1
26,26,PHI,Landry Shamet,Wichita State,4.0,262.0,6094.0,2354.0,472.0,423.0,0.41,0.39,0.835,23.3,9.0,1.8,1.6,10.6,0.083,-1.8,0.3,20.0,166.0,5.2,6.0,WICHITAST,154.0,84.0,.442,190.0,.489,315.0,85.0,.825,103.0,32.0,1015.0,31.7,Landry Shamet,14.0,61.0,477.0,14.9,23.0,67.0,103.0,3.2
27,27,BOS,Robert Williams,Texas A&M,4.0,174.0,3460.0,1255.0,1155.0,249.0,0.728,0.0,0.665,19.9,7.2,6.6,1.4,18.4,0.255,5.3,6.3,20.0,43.0,1.4,78.0,TEXASAM,139.0,0.0,.000,12.0,.632,220.0,33.0,.471,70.0,30.0,769.0,25.6,Robert Williams,71.0,66.0,311.0,10.4,24.0,52.0,277.0,9.2
28,28,GSW,Jacob Evans,Cincinnati,2.0,59.0,622.0,168.0,66.0,54.0,0.337,0.315,0.833,10.5,2.8,1.1,0.9,-0.6,-0.047,-7.4,-0.8,20.0,113.0,3.1,35.0,CINCY,161.0,60.0,.370,162.0,.427,377.0,86.0,.754,114.0,36.0,1107.0,30.8,Jacob Evans,50.0,72.0,468.0,13.0,47.0,63.0,170.0,4.7
30,30,ATL,Omari Spellman,Villanova,2.0,95.0,1691.0,642.0,413.0,94.0,0.417,0.366,0.766,17.8,6.8,4.3,1.0,2.4,0.068,-1.5,0.2,20.0,30.0,0.8,59.0,VILLANOVA,160.0,65.0,.433,150.0,.476,336.0,49.0,.700,70.0,40.0,1125.0,28.1,Omari Spellman,90.0,92.0,434.0,10.9,26.0,40.0,321.0,8.0
32,32,MEM,Jevon Carter,West Virginia,4.0,223.0,3144.0,984.0,386.0,320.0,0.386,0.383,0.81,14.1,4.4,1.7,1.4,4.5,0.069,-1.1,0.7,22.0,246.0,6.6,13.0,WVIRGINIA,215.0,77.0,.393,196.0,.422,509.0,133.0,.858,155.0,37.0,1313.0,35.5,Jevon Carter,29.0,111.0,640.0,17.3,112.0,98.0,172.0,4.6
33,33,DAL,Jalen Brunson,Villanova,4.0,277.0,6834.0,3286.0,843.0,1034.0,0.494,0.373,0.8,24.7,11.9,3.0,3.7,17.3,0.121,0.0,3.5,21.0,184.0,4.6,1.0,VILLANOVA,270.0,86.0,.408,211.0,.521,518.0,130.0,.802,162.0,40.0,1272.0,31.8,Jalen Brunson,12.0,78.0,756.0,18.9,37.0,71.0,122.0,3.1
34,34,ATL,Devonte' Graham,Kansas,4.0,240.0,6708.0,3080.0,600.0,1203.0,0.372,0.357,0.827,28.0,12.8,2.5,5.0,10.1,0.072,-0.4,2.7,22.0,282.0,7.2,2.0,KANSAS,199.0,110.0,.406,271.0,.400,498.0,167.0,.827,202.0,39.0,1474.0,37.8,Devonte' Graham,24.0,56.0,675.0,17.3,62.0,109.0,157.0,4.0
35,35,ORL,Melvin Frazier,Tulane,3.0,32.0,290.0,87.0,28.0,5.0,0.34,0.209,0.533,9.1,2.7,0.9,0.2,-0.4,-0.062,-10.0,-0.6,21.0,86.0,2.9,22.0,TULANE,179.0,35.0,.385,91.0,.556,322.0,84.0,.712,118.0,30.0,1032.0,34.4,Melvin Frazier,35.0,60.0,477.0,15.9,65.0,77.0,168.0,5.6
37,37,SAC,Gary Trent Jr.,Duke,4.0,204.0,5693.0,2752.0,454.0,287.0,0.416,0.389,0.82,27.9,13.5,2.2,1.4,9.6,0.081,-0.9,1.6,19.0,52.0,1.4,5.0,DUKE,177.0,97.0,.402,241.0,.415,427.0,85.0,.876,97.0,37.0,1253.0,33.9,Gary Trent Jr.,31.0,62.0,536.0,14.5,43.0,38.0,157.0,4.2
38,38,PHI,Khyri Thomas,Creighton,3.0,39.0,409.0,160.0,39.0,36.0,0.388,0.316,0.75,10.5,4.1,1.0,0.9,0.5,0.058,-2.7,-0.1,21.0,92.0,2.8,8.0,CREIGHTON,184.0,62.0,.411,151.0,.538,342.0,67.0,.788,85.0,33.0,1046.0,31.7,Khyri Thomas,35.0,62.0,497.0,15.1,56.0,59.0,144.0,4.4
41,41,ORL,Jarred Vanderbilt,Kentucky,4.0,166.0,3134.0,892.0,1024.0,175.0,0.591,0.143,0.616,18.9,5.4,6.2,1.1,9.1,0.14,-0.1,1.5,18.0,14.0,1.0,11.0,KENTUCKY,29.0,0.0,.000,1.0,.426,68.0,24.0,.632,38.0,14.0,238.0,17.0,Jarred Vanderbilt,46.0,37.0,82.0,5.9,6.0,15.0,110.0,7.9
42,42,DET,Bruce Brown,Miami (FL),4.0,269.0,6308.0,2056.0,1153.0,573.0,0.482,0.327,0.745,23.4,7.6,4.3,2.1,12.7,0.097,-0.9,1.7,21.0,76.0,4.0,15.0,MIAMIFL,78.0,16.0,.267,60.0,.415,188.0,44.0,.629,70.0,19.0,640.0,33.7,Bruce Brown,25.0,43.0,216.0,11.4,25.0,43.0,135.0,7.1
45,45,BRK,Hamidou Diallo,Kentucky,4.0,207.0,3917.0,1748.0,813.0,227.0,0.475,0.277,0.634,18.9,8.4,3.9,1.1,4.9,0.06,-2.3,-0.3,19.0,46.0,1.2,13.0,KENTUCKY,134.0,26.0,.338,77.0,.428,313.0,77.0,.616,125.0,37.0,918.0,24.8,Hamidou Diallo,33.0,96.0,371.0,10.0,28.0,51.0,135.0,3.6
46,46,HOU,De'Anthony Melton,USC,4.0,235.0,4853.0,1968.0,843.0,660.0,0.409,0.361,0.766,20.7,8.4,3.6,2.8,7.7,0.076,0.5,3.1,18.0,125.0,3.5,37.0,USC,101.0,21.0,.284,74.0,.437,231.0,77.0,.706,109.0,36.0,972.0,27.0,De'Anthony Melton,50.0,81.0,300.0,8.3,69.0,64.0,170.0,4.7
47,47,LAL,Svi Mykhailiuk,Kansas,4.0,220.0,3745.0,1451.0,395.0,298.0,0.398,0.353,0.785,17.0,6.6,1.8,1.4,2.5,0.033,-2.7,-0.7,20.0,107.0,2.7,12.0,KANSAS,205.0,115.0,.444,259.0,.434,472.0,45.0,.804,56.0,39.0,1346.0,34.5,Svi Mykhailiuk,44.0,97.0,570.0,14.6,46.0,65.0,153.0,3.9
48,48,MIN,Keita Bates-Diop,Ohio State,4.0,163.0,2448.0,853.0,490.0,100.0,0.462,0.304,0.714,15.0,5.2,3.0,0.6,3.5,0.068,-2.4,-0.2,22.0,56.0,1.6,56.0,OHIOST,247.0,66.0,.359,184.0,.480,515.0,112.0,.794,141.0,34.0,1125.0,33.1,Keita Bates-Diop,52.0,57.0,672.0,19.8,31.0,62.0,296.0,8.7
49,49,SAS,Chimezie Metu,USC,4.0,143.0,2017.0,869.0,516.0,111.0,0.463,0.308,0.762,14.1,6.1,3.6,0.8,2.1,0.05,-2.3,-0.2,20.0,53.0,1.6,59.0,USC,205.0,12.0,.300,40.0,.523,392.0,111.0,.730,152.0,34.0,1053.0,31.0,Chimezie Metu,64.0,87.0,533.0,15.7,27.0,68.0,253.0,7.4
51,51,NOP,Tony Carr,Penn State,,,,,,,,,,,,,,,,,,20.0,186.0,5.0,11.0,PENNST,245.0,88.0,.433,203.0,.408,600.0,147.0,.799,184.0,37.0,1308.0,35.4,Tony Carr,33.0,68.0,725.0,19.6,30.0,85.0,183.0,4.9
52,52,UTA,Vince Edwards,Purdue,1.0,2.0,16.0,3.0,2.0,0.0,0.25,0.25,,8.0,1.5,1.0,0.0,0.0,-0.014,-6.4,0.0,21.0,101.0,2.9,21.0,PURDUE,180.0,51.0,.398,128.0,.476,378.0,100.0,.833,120.0,35.0,1106.0,31.6,Vince Edwards,71.0,62.0,511.0,14.6,18.0,71.0,259.0,7.4
53,53,OKC,Devon Hall,Virginia,1.0,11.0,81.0,20.0,7.0,13.0,0.2,0.235,0.5,7.4,1.8,0.6,1.2,-0.2,-0.116,-6.7,-0.1,22.0,107.0,3.1,5.0,VIRGINIA,132.0,57.0,.432,132.0,.454,291.0,76.0,.894,85.0,34.0,1091.0,32.1,Devon Hall,12.0,48.0,397.0,11.7,29.0,35.0,143.0,4.2
54,54,DAL,Shake Milton,SMU,4.0,178.0,3713.0,1731.0,413.0,454.0,0.447,0.361,0.819,20.9,9.7,2.3,2.6,6.9,0.09,-1.8,0.2,21.0,96.0,4.4,14.0,SMETHODIST,123.0,56.0,.434,129.0,.449,274.0,94.0,.847,111.0,22.0,800.0,36.4,Shake Milton,14.0,38.0,396.0,18.0,31.0,50.0,103.0,4.7
56,56,PHI,Ray Spalding,Louisville,2.0,16.0,167.0,58.0,52.0,5.0,0.529,0.0,0.286,10.4,3.6,3.3,0.3,0.1,0.024,-6.2,-0.2,20.0,46.0,1.3,62.0,LOUISVILLE,183.0,5.0,.263,19.0,.543,337.0,73.0,.640,114.0,36.0,995.0,27.6,Ray Spalding,113.0,107.0,444.0,12.3,54.0,61.0,312.0,8.7
57,57,OKC,Kevin Hervey,UT Arlington,1.0,10.0,52.0,17.0,12.0,5.0,0.259,0.15,,5.2,1.7,1.2,0.5,-0.1,-0.085,-5.1,0.0,21.0,73.0,2.2,20.0,UTARL,243.0,77.0,.339,227.0,.446,545.0,113.0,.807,140.0,33.0,1064.0,32.2,Kevin Hervey,77.0,60.0,676.0,20.5,41.0,90.0,282.0,8.5
58,58,DEN,Thomas Welsh,UCLA,1.0,11.0,36.0,18.0,4.0,5.0,0.538,0.429,0.5,3.3,1.6,0.4,0.5,0.1,0.162,1.2,0.0,21.0,46.0,1.4,29.0,UCLA,162.0,45.0,.402,112.0,.485,334.0,48.0,.828,58.0,33.0,1096.0,33.2,Thomas Welsh,87.0,79.0,417.0,12.6,22.0,34.0,358.0,10.8
59,59,PHO,George King,Colorado,2.0,5.0,25.0,1.0,6.0,0.0,0.0,0.0,0.5,5.0,0.2,1.2,0.0,-0.1,-0.225,-17.1,-0.1,24.0,35.0,1.1,21.0,COLORADO,142.0,62.0,.395,157.0,.445,319.0,68.0,.782,87.0,32.0,913.0,28.5,George King,56.0,78.0,414.0,12.9,17.0,64.0,251.0,7.8
60,60,PHI,Kostas Antetokounmpo,Dayton,3.0,22.0,87.0,21.0,23.0,3.0,0.375,,0.474,4.0,1.0,1.0,0.1,-0.2,-0.098,-9.9,-0.2,20.0,13.0,0.4,31.0,DAYTON,58.0,2.0,.133,15.0,.574,101.0,33.0,.516,64.0,29.0,438.0,15.1,Kostas Antetokounmpo,24.0,66.0,151.0,5.2,7.0,39.0,83.0,2.9
1,1,NOP,Zion Williamson,Duke,2.0,85.0,2694.0,2187.0,591.0,276.0,0.604,0.333,0.683,31.7,25.7,7.0,3.2,10.6,0.189,4.9,4.7,18.0,68.0,2.1,59.0,DUKE,296.0,24.0,.338,71.0,.680,435.0,130.0,.640,203.0,33.0,990.0,30.0,Zion Williamson,116.0,68.0,746.0,22.6,70.0,78.0,293.0,8.9
2,2,MEM,Ja Morant,Murray State,3.0,187.0,6016.0,3961.0,836.0,1337.0,0.474,0.327,0.754,32.2,21.2,4.5,7.1,13.7,0.109,1.9,5.9,19.0,331.0,10.0,27.0,MURRAYST,265.0,57.0,.363,157.0,.499,531.0,221.0,.813,272.0,33.0,1207.0,36.6,Ja Morant,40.0,48.0,808.0,24.5,58.0,170.0,188.0,5.7
3,3,NYK,RJ Barrett,Duke,3.0,198.0,6632.0,3469.0,1101.0,568.0,0.418,0.357,0.697,33.5,17.5,5.6,2.9,5.9,0.042,-2.2,-0.3,18.0,164.0,4.3,16.0,DUKE,319.0,73.0,.308,237.0,.454,702.0,149.0,.665,224.0,38.0,1341.0,35.3,RJ Barrett,59.0,70.0,860.0,22.6,34.0,123.0,288.0,7.6
4,4,LAL,De'Andre Hunter,Virginia,3.0,139.0,4273.0,1831.0,572.0,224.0,0.434,0.359,0.785,30.7,13.2,4.1,1.6,2.9,0.033,-3.5,-1.6,21.0,75.0,2.0,22.0,VIRGINIA,205.0,46.0,.438,105.0,.520,394.0,123.0,.783,157.0,38.0,1234.0,32.5,De'Andre Hunter,52.0,76.0,579.0,15.2,22.0,52.0,193.0,5.1
5,5,CLE,Darius Garland,Vanderbilt,3.0,181.0,6044.0,3142.0,464.0,1141.0,0.443,0.378,0.876,33.4,17.4,2.6,6.3,6.2,0.05,-1.2,1.1,19.0,13.0,2.6,2.0,VANDY,29.0,11.0,.478,23.0,.537,54.0,12.0,.750,16.0,5.0,139.0,27.8,Darius Garland,2.0,7.0,81.0,16.2,4.0,15.0,19.0,3.8
6,6,PHO,Jarrett Culver,Texas Tech,3.0,134.0,2343.0,890.0,364.0,167.0,0.401,0.283,0.497,17.5,6.6,2.7,1.2,-0.1,-0.002,-4.6,-1.5,19.0,142.0,3.7,21.0,TXTECH,254.0,49.0,.304,161.0,.461,551.0,147.0,.707,208.0,38.0,1234.0,32.5,Jarrett Culver,54.0,73.0,704.0,18.5,57.0,103.0,243.0,6.4
7,7,CHI,Coby White,UNC,3.0,195.0,5505.0,2672.0,696.0,679.0,0.413,0.365,0.851,28.2,13.7,3.6,3.5,5.6,0.049,-2.5,-0.6,18.0,143.0,4.1,11.0,UNC,188.0,82.0,.353,232.0,.423,444.0,104.0,.800,130.0,35.0,999.0,28.5,Coby White,12.0,68.0,562.0,16.1,38.0,93.0,124.0,3.5
8,8,ATL,Jaxson Hayes,Texas,3.0,194.0,3442.0,1575.0,831.0,134.0,0.634,0.36,0.723,17.7,8.1,4.3,0.7,12.5,0.174,0.2,1.9,18.0,9.0,0.3,71.0,TEXAS,123.0,0.0,0,0.0,.728,169.0,74.0,.740,100.0,32.0,747.0,23.3,Jaxson Hayes,56.0,107.0,320.0,10.0,19.0,29.0,160.0,5.0
9,9,WAS,Rui Hachimura,Gonzaga,3.0,147.0,4184.0,1913.0,766.0,217.0,0.477,0.36,0.779,28.5,13.0,5.2,1.5,5.3,0.061,-2.8,-0.8,20.0,56.0,1.5,27.0,GONZAGA,275.0,15.0,.417,36.0,.591,465.0,164.0,.739,222.0,37.0,1117.0,30.2,Rui Hachimura,52.0,74.0,729.0,19.7,35.0,68.0,240.0,6.5
10,10,ATL,Cam Reddish,Duke,3.0,133.0,3313.0,1399.0,425.0,170.0,0.387,0.325,0.841,24.9,10.5,3.2,1.3,1.0,0.015,-3.1,-0.9,19.0,70.0,1.9,21.0,DUKE,154.0,89.0,.333,267.0,.356,432.0,88.0,.772,114.0,36.0,1069.0,29.7,Cam Reddish,20.0,86.0,485.0,13.5,56.0,96.0,133.0,3.7
11,11,MIN,Cameron Johnson,UNC,3.0,183.0,4422.0,1899.0,659.0,254.0,0.44,0.39,0.843,24.2,10.4,3.6,1.4,10.9,0.118,1.1,3.5,22.0,86.0,2.4,10.0,UNC,211.0,96.0,.457,210.0,.506,417.0,90.0,.818,110.0,36.0,1076.0,29.9,Cameron Johnson,66.0,53.0,608.0,16.9,43.0,54.0,208.0,5.8
12,12,CHO,P.J. Washington,Kentucky,3.0,187.0,5481.0,2202.0,1071.0,431.0,0.454,0.375,0.702,29.3,11.8,5.7,2.3,8.0,0.07,-0.9,1.6,20.0,63.0,1.8,43.0,KENTUCKY,190.0,33.0,.423,78.0,.522,364.0,118.0,.663,178.0,35.0,1024.0,29.3,P.J. Washington,81.0,86.0,531.0,15.2,29.0,69.0,264.0,7.5
13,13,MIA,Tyler Herro,Kentucky,3.0,175.0,5294.0,2925.0,821.0,568.0,0.44,0.385,0.851,30.3,16.7,4.7,3.2,7.0,0.064,-0.6,1.9,19.0,91.0,2.5,12.0,KENTUCKY,186.0,60.0,.355,169.0,.462,403.0,87.0,.935,93.0,37.0,1207.0,32.6,Tyler Herro,15.0,47.0,519.0,14.0,40.0,60.0,166.0,4.5
14,14,BOS,Romeo Langford,Indiana,3.0,98.0,1424.0,353.0,184.0,47.0,0.4,0.3,0.633,14.5,3.6,1.9,0.5,1.5,0.052,-2.9,-0.3,19.0,75.0,2.3,26.0,INDIANA,177.0,34.0,.272,125.0,.448,395.0,140.0,.722,194.0,32.0,1090.0,34.1,Romeo Langford,45.0,60.0,528.0,16.5,25.0,68.0,172.0,5.4
16,16,ORL,Chuma Okeke,Auburn,2.0,115.0,2882.0,954.0,528.0,219.0,0.39,0.326,0.81,25.1,8.3,4.6,1.9,3.5,0.058,-0.7,1.0,20.0,73.0,1.9,46.0,AUBURN,168.0,55.0,.387,142.0,.496,339.0,65.0,.722,90.0,38.0,1105.0,29.1,Chuma Okeke,106.0,71.0,456.0,12.0,69.0,66.0,260.0,6.8
17,17,BRK,Nickeil Alexander-Walker,Virginia Tech,3.0,158.0,3064.0,1467.0,415.0,347.0,0.387,0.329,0.726,19.4,9.3,2.6,2.2,0.6,0.009,-2.7,-0.5,20.0,135.0,4.0,18.0,VATECH,190.0,58.0,.374,155.0,.474,401.0,112.0,.778,144.0,34.0,1167.0,34.3,Nickeil Alexander-Walker,16.0,78.0,550.0,16.2,64.0,97.0,139.0,4.1
20,20,BOS,Matisse Thybulle,Washington,3.0,196.0,4270.0,939.0,382.0,217.0,0.45,0.324,0.657,21.8,4.8,1.9,1.1,8.8,0.099,1.1,3.3,21.0,77.0,2.1,82.0,WASHINGTON,112.0,46.0,.305,151.0,.415,270.0,57.0,.851,67.0,36.0,1118.0,31.1,Matisse Thybulle,27.0,100.0,327.0,9.1,126.0,66.0,111.0,3.1
21,21,OKC,Brandon Clarke,Gonzaga,3.0,181.0,3961.0,1976.0,1015.0,262.0,0.591,0.294,0.699,21.9,10.9,5.6,1.4,15.4,0.187,2.9,4.9,22.0,70.0,1.9,117.0,GONZAGA,257.0,4.0,.267,15.0,.687,374.0,109.0,.694,157.0,37.0,1040.0,28.1,Brandon Clarke,114.0,79.0,627.0,16.9,43.0,57.0,317.0,8.6
22,22,BOS,Grant Williams,Tennessee,3.0,209.0,4056.0,1133.0,630.0,210.0,0.449,0.369,0.775,19.4,5.4,3.0,1.0,7.7,0.091,-1.9,0.1,20.0,117.0,3.2,55.0,TENNESSEE,234.0,15.0,.326,46.0,.564,415.0,213.0,.819,260.0,37.0,1181.0,31.9,Grant Williams,82.0,110.0,696.0,18.8,42.0,83.0,278.0,7.5
24,24,PHI,Ty Jerome,Virginia,3.0,112.0,1917.0,795.0,215.0,273.0,0.398,0.344,0.784,17.1,7.1,1.9,2.4,1.8,0.046,-1.9,0.0,21.0,202.0,5.5,1.0,VIRGINIA,178.0,79.0,.399,198.0,.435,409.0,67.0,.736,91.0,37.0,1256.0,33.9,Ty Jerome,17.0,64.0,502.0,13.6,57.0,61.0,157.0,4.2
25,25,POR,Nassir Little,UNC,3.0,138.0,2301.0,802.0,472.0,99.0,0.455,0.317,0.727,16.7,5.8,3.4,0.7,3.4,0.071,-2.3,-0.2,18.0,24.0,0.7,19.0,UNC,131.0,14.0,.269,52.0,.478,274.0,77.0,.770,100.0,36.0,656.0,18.2,Nassir Little,57.0,59.0,353.0,9.8,19.0,48.0,166.0,4.6
26,26,CLE,Dylan Windler,Belmont,2.0,81.0,972.0,271.0,196.0,67.0,0.412,0.32,0.8,12.0,3.3,2.4,0.8,1.3,0.063,-1.7,0.1,22.0,84.0,2.5,19.0,BELMONT,243.0,100.0,.429,233.0,.540,450.0,116.0,.847,137.0,33.0,1097.0,33.2,Dylan Windler,64.0,69.0,702.0,21.3,47.0,69.0,357.0,10.8
27,27,BRK,Mfiondu Kabengele,Florida State,2.0,51.0,344.0,137.0,71.0,19.0,0.388,0.314,0.84,6.7,2.7,1.4,0.4,0.4,0.054,-3.1,-0.1,21.0,11.0,0.3,56.0,FLORIDAST,164.0,24.0,.369,65.0,.502,327.0,137.0,.761,180.0,37.0,798.0,21.6,Mfiondu Kabengele,79.0,96.0,489.0,13.2,21.0,48.0,220.0,5.9
28,28,GSW,Jordan Poole,Michigan,3.0,184.0,4545.0,2520.0,470.0,537.0,0.416,0.341,0.885,24.7,13.7,2.6,2.9,6.7,0.071,-1.5,0.6,19.0,80.0,2.2,8.0,MICHIGAN,161.0,75.0,.369,203.0,.436,369.0,75.0,.833,90.0,37.0,1224.0,33.1,Jordan Poole,8.0,74.0,472.0,12.8,40.0,57.0,110.0,3.0
29,29,SAS,Keldon Johnson,Kentucky,3.0,161.0,4661.0,2313.0,926.0,294.0,0.478,0.385,0.753,29.0,14.4,5.8,1.8,9.3,0.095,-0.8,1.4,19.0,60.0,1.6,6.0,KENTUCKY,172.0,45.0,.381,118.0,.461,373.0,109.0,.703,155.0,37.0,1137.0,30.7,Keldon Johnson,49.0,83.0,498.0,13.5,28.0,60.0,217.0,5.9
30,30,MIL,Kevin Porter Jr.,USC,3.0,137.0,3904.0,1878.0,528.0,649.0,0.424,0.352,0.686,28.5,13.7,3.9,4.7,1.1,0.014,-2.7,-0.7,18.0,30.0,1.4,11.0,USC,74.0,28.0,.412,68.0,.471,157.0,24.0,.522,46.0,21.0,464.0,22.1,Kevin Porter Jr.,20.0,44.0,200.0,9.5,17.0,39.0,84.0,4.0
31,31,BRK,Nic Claxton,Georgia,3.0,94.0,1755.0,688.0,474.0,87.0,0.646,0.167,0.539,18.7,7.3,5.0,0.9,5.8,0.159,0.3,1.0,19.0,58.0,1.8,81.0,GEORGIA,137.0,18.0,.281,64.0,.460,298.0,123.0,.641,192.0,32.0,1011.0,31.6,Nic Claxton,72.0,90.0,415.0,13.0,34.0,67.0,274.0,8.6
32,32,PHO,KZ Okpala,Stanford,3.0,63.0,717.0,176.0,114.0,34.0,0.406,0.273,0.607,11.4,2.8,1.8,0.5,0.7,0.047,-5.3,-0.6,19.0,58.0,2.0,15.0,STANFORD,170.0,32.0,.368,87.0,.463,367.0,116.0,.671,173.0,29.0,949.0,32.7,KZ Okpala,34.0,73.0,488.0,16.8,29.0,83.0,165.0,5.7
33,33,PHI,Carsen Edwards,Purdue,3.0,72.0,706.0,267.0,79.0,52.0,0.364,0.297,0.758,9.8,3.7,1.1,0.7,0.3,0.019,-5.1,-0.5,20.0,104.0,2.9,10.0,PURDUE,277.0,135.0,.355,380.0,.394,703.0,185.0,.837,221.0,36.0,1275.0,35.4,Carsen Edwards,14.0,73.0,874.0,24.3,48.0,113.0,130.0,3.6
34,34,PHI,Bruno Fernando,Maryland,3.0,119.0,1091.0,379.0,331.0,66.0,0.527,0.146,0.608,9.2,3.2,2.8,0.6,1.2,0.052,-4.1,-0.6,20.0,68.0,2.0,64.0,MARYLAND,173.0,3.0,.300,10.0,.607,285.0,113.0,.779,145.0,34.0,1021.0,30.0,Bruno Fernando,100.0,92.0,462.0,13.6,22.0,95.0,362.0,10.6
36,36,CHO,Cody Martin,Nevada,3.0,171.0,3618.0,989.0,604.0,360.0,0.46,0.323,0.66,21.2,5.8,3.5,2.1,6.0,0.079,-1.2,0.7,23.0,167.0,4.9,23.0,NEVADA,151.0,34.0,.358,95.0,.505,299.0,74.0,.763,97.0,34.0,1171.0,34.4,Cody Martin,32.0,86.0,410.0,12.1,46.0,64.0,152.0,4.5
38,38,CHI,Daniel Gafford,Arkansas,3.0,169.0,2844.0,1277.0,744.0,118.0,0.692,0.0,0.657,16.8,7.6,4.4,0.7,11.3,0.19,1.1,2.3,20.0,23.0,0.7,65.0,ARKANSAS,214.0,0.0,0,0.0,.660,324.0,114.0,.591,193.0,32.0,919.0,28.7,Daniel Gafford,91.0,88.0,542.0,16.9,30.0,76.0,277.0,8.7
40,40,SAC,Justin James,Wyoming,2.0,72.0,542.0,228.0,62.0,40.0,0.446,0.343,0.544,7.5,3.2,0.9,0.6,0.3,0.024,-3.1,-0.2,22.0,141.0,4.4,18.0,WYOMING,228.0,50.0,.296,169.0,.409,557.0,200.0,.741,270.0,32.0,1221.0,38.2,Justin James,32.0,68.0,706.0,22.1,48.0,133.0,273.0,8.5
41,41,GSW,Eric Paschall,Villanova,3.0,158.0,3085.0,1552.0,509.0,214.0,0.494,0.326,0.758,19.5,9.8,3.2,1.4,5.0,0.078,-2.2,-0.1,22.0,77.0,2.1,17.0,VILLANOVA,195.0,70.0,.348,201.0,.447,436.0,135.0,.746,181.0,36.0,1301.0,36.1,Eric Paschall,46.0,77.0,595.0,16.5,26.0,82.0,221.0,6.1
42,42,PHI,Admiral Schofield,Tennessee,2.0,71.0,837.0,245.0,136.0,40.0,0.403,0.321,0.733,11.8,3.5,1.9,0.6,0.4,0.023,-5.5,-0.7,21.0,75.0,2.0,17.0,TENNESSEE,238.0,74.0,.418,177.0,.474,502.0,60.0,.698,86.0,37.0,1175.0,31.8,Admiral Schofield,43.0,94.0,610.0,16.5,33.0,70.0,227.0,6.1
43,43,MIN,Jaylen Nowell,Washington,3.0,119.0,1885.0,963.0,231.0,211.0,0.446,0.345,0.811,15.8,8.1,1.9,1.8,3.7,0.093,-1.0,0.5,19.0,112.0,3.1,9.0,WASHINGTON,218.0,51.0,.440,116.0,.502,434.0,95.0,.779,122.0,36.0,1240.0,34.4,Jaylen Nowell,35.0,81.0,582.0,16.2,46.0,106.0,190.0,5.3
44,44,MIA,Bol Bol,Oregon,3.0,53.0,328.0,142.0,63.0,18.0,0.478,0.378,0.667,6.2,2.7,1.2,0.3,0.2,0.031,-3.1,-0.1,19.0,9.0,1.0,24.0,OREGON,74.0,13.0,.520,25.0,.561,132.0,28.0,.757,37.0,9.0,268.0,29.8,Bol Bol,19.0,15.0,189.0,21.0,7.0,18.0,86.0,9.6
45,45,DET,Isaiah Roby,Nebraska,3.0,109.0,2384.0,987.0,560.0,178.0,0.495,0.365,0.708,21.9,9.1,5.1,1.6,4.1,0.083,-1.8,0.1,20.0,68.0,1.9,66.0,NEBRASKA,148.0,28.0,.333,84.0,.454,326.0,90.0,.677,133.0,35.0,1093.0,31.2,Isaiah Roby,66.0,112.0,414.0,11.8,44.0,70.0,242.0,6.9
46,46,ORL,Talen Horton-Tucker,Iowa State,3.0,131.0,2896.0,1216.0,369.0,346.0,0.437,0.276,0.783,22.1,9.3,2.8,2.6,3.3,0.054,-2.3,-0.2,18.0,82.0,2.3,23.0,IOWAST,155.0,49.0,.308,159.0,.406,382.0,55.0,.625,88.0,35.0,952.0,27.2,Talen Horton-Tucker,23.0,79.0,414.0,11.8,45.0,60.0,170.0,4.9
47,47,SAC,Ignas Brazdeikis,Michigan,3.0,64.0,838.0,318.0,122.0,58.0,0.416,0.315,0.686,13.1,5.0,1.9,0.9,0.4,0.024,-4.9,-0.6,20.0,31.0,0.8,18.0,MICHIGAN,188.0,56.0,.392,143.0,.462,407.0,116.0,.773,150.0,37.0,1096.0,29.6,Ignas Brazdeikis,43.0,79.0,548.0,14.8,26.0,46.0,201.0,5.4
48,48,LAC,Terance Mann,Florida State,3.0,189.0,3942.0,1443.0,722.0,366.0,0.491,0.379,0.786,20.9,7.6,3.8,1.9,10.0,0.122,-0.6,1.4,22.0,94.0,2.5,12.0,FLORIDAST,147.0,30.0,.390,77.0,.505,291.0,98.0,.790,124.0,37.0,1174.0,31.7,Terance Mann,92.0,83.0,422.0,11.4,25.0,65.0,240.0,6.5
49,49,SAS,Quinndary Weatherspoon,Mississippi State,3.0,42.0,272.0,88.0,32.0,24.0,0.452,0.188,0.826,6.5,2.1,0.8,0.6,0.2,0.03,-5.5,-0.2,22.0,96.0,2.8,10.0,MISSST,213.0,55.0,.396,139.0,.508,419.0,148.0,.809,183.0,34.0,1157.0,34.0,Quinndary Weatherspoon,45.0,72.0,629.0,18.5,57.0,99.0,159.0,4.7
50,50,IND,Jarrell Brantley,College of Charleston,2.0,37.0,234.0,88.0,47.0,26.0,0.438,0.366,0.75,6.3,2.4,1.3,0.7,0.5,0.099,-0.6,0.1,22.0,80.0,2.4,29.0,CHARLESTON,237.0,38.0,.328,116.0,.517,458.0,128.0,.785,163.0,33.0,1121.0,34.0,Jarrell Brantley,57.0,89.0,640.0,19.4,46.0,85.0,277.0,8.4
51,51,BOS,Tremont Waters,LSU,3.0,40.0,407.0,149.0,37.0,85.0,0.354,0.296,0.96,10.2,3.7,0.9,2.1,0.1,0.012,-3.0,-0.1,21.0,192.0,5.8,4.0,LSU,172.0,56.0,.327,171.0,.430,400.0,104.0,.813,128.0,33.0,1070.0,32.4,Tremont Waters,10.0,64.0,504.0,15.3,96.0,114.0,92.0,2.8
52,52,CHO,Jalen McDaniels,San Diego State,3.0,118.0,2092.0,775.0,404.0,124.0,0.475,0.359,0.732,17.7,6.6,3.4,1.1,3.4,0.078,-2.8,-0.5,21.0,72.0,2.1,16.0,SANDIEGOST,212.0,24.0,.320,75.0,.466,455.0,93.0,.732,127.0,34.0,1055.0,31.0,Jalen McDaniels,67.0,100.0,541.0,15.9,38.0,82.0,281.0,8.3
53,53,UTA,Justin Wright-Foreman,Hofstra,1.0,4.0,45.0,19.0,5.0,7.0,0.35,0.2,0.75,11.3,4.8,1.3,1.8,0.0,-0.008,-9.0,-0.1,21.0,102.0,2.9,7.0,HOFSTRA,330.0,110.0,.425,259.0,.511,646.0,178.0,.864,206.0,35.0,1321.0,37.7,Justin Wright-Foreman,12.0,67.0,948.0,27.1,30.0,91.0,141.0,4.0
54,54,PHI,Marial Shayok,Iowa State,1.0,4.0,28.0,11.0,7.0,1.0,0.25,0.333,0.75,7.0,2.8,1.8,0.3,-0.1,-0.13,-13.0,-0.1,23.0,67.0,2.0,8.0,IOWAST,229.0,71.0,.386,184.0,.496,462.0,108.0,.878,123.0,34.0,1118.0,32.9,Marial Shayok,47.0,70.0,637.0,18.7,32.0,91.0,167.0,4.9
55,55,NYK,Kyle Guy,Virginia,3.0,53.0,431.0,165.0,53.0,50.0,0.361,0.303,0.75,8.1,3.1,1.0,0.9,0.1,0.006,-4.9,-0.3,21.0,78.0,2.1,2.0,VIRGINIA,198.0,120.0,.426,282.0,.449,441.0,70.0,.833,84.0,38.0,1345.0,35.4,Kyle Guy,27.0,39.0,586.0,15.4,26.0,53.0,171.0,4.5
56,56,LAC,Jaylen Hands,UCLA,,,,,,,,,,,,,,,,,,19.0,201.0,6.1,5.0,UCLA,158.0,66.0,.373,177.0,.413,383.0,85.0,.780,109.0,33.0,1029.0,31.2,Jaylen Hands,12.0,40.0,467.0,14.2,44.0,105.0,121.0,3.7
57,57,NOP,Jordan Bone,Tennessee,2.0,24.0,249.0,68.0,28.0,26.0,0.378,0.286,,10.4,2.8,1.2,1.1,0.1,0.01,-5.9,-0.2,21.0,215.0,5.8,4.0,TENNESSEE,186.0,50.0,.355,141.0,.465,400.0,76.0,.835,91.0,37.0,1219.0,32.9,Jordan Bone,19.0,49.0,498.0,13.5,26.0,74.0,118.0,3.2
58,58,GSW,Miye Oni,Yale,3.0,80.0,672.0,145.0,108.0,37.0,0.35,0.33,0.75,8.4,1.8,1.4,0.5,1.0,0.07,-2.5,-0.1,21.0,103.0,3.6,37.0,YALE,167.0,56.0,.371,151.0,.441,379.0,107.0,.793,135.0,29.0,898.0,31.0,Miye Oni,19.0,78.0,497.0,17.1,26.0,75.0,182.0,6.3
59,59,TOR,Dewan Hernandez,Miami (FL),1.0,6.0,28.0,14.0,14.0,3.0,0.357,0.5,0.6,4.7,2.3,2.3,0.5,0.0,0.043,-9.6,-0.1,21.0,14.0,0.4,31.0,MIAMIFL,147.0,0.0,.000,3.0,.576,255.0,71.0,.689,103.0,32.0,825.0,25.8,Dewan Hernandez,65.0,60.0,365.0,11.4,16.0,44.0,213.0,6.7
1,1,MIN,Anthony Edwards,Georgia,2.0,144.0,4780.0,2925.0,679.0,486.0,0.429,0.344,0.781,33.2,20.3,4.7,3.4,5.1,0.051,-0.4,1.9,18.0,91.0,2.8,18.0,GEORGIA,203.0,72.0,.294,245.0,.402,505.0,132.0,.772,171.0,32.0,1057.0,33.0,Anthony Edwards,24.0,70.0,610.0,19.1,43.0,87.0,167.0,5.2
2,2,GSW,James Wiseman,Memphis,1.0,39.0,836.0,448.0,226.0,26.0,0.519,0.316,0.628,21.4,11.5,5.8,0.7,0.7,0.042,-5.0,-0.6,18.0,1.0,0.3,9.0,MEMPHIS,20.0,0.0,.000,1.0,.769,26.0,19.0,.704,27.0,3.0,69.0,23.0,James Wiseman,13.0,5.0,59.0,19.7,1.0,3.0,32.0,10.7
4,4,CHI,Patrick Williams,Florida State,2.0,88.0,2405.0,808.0,396.0,114.0,0.49,0.413,0.729,27.3,9.2,4.5,1.3,3.3,0.067,-2.3,-0.2,18.0,29.0,1.0,30.0,FLORIDAST,95.0,16.0,.320,50.0,.459,207.0,62.0,.838,74.0,29.0,653.0,22.5,Patrick Williams,38.0,47.0,268.0,9.2,29.0,50.0,116.0,4.0
5,5,CLE,Isaac Okoro,Auburn,2.0,134.0,4154.0,1234.0,407.0,249.0,0.446,0.315,0.747,31.0,9.2,3.0,1.9,5.1,0.059,-3.5,-1.6,19.0,57.0,2.0,25.0,AUBURN,125.0,20.0,.286,70.0,.514,243.0,90.0,.672,134.0,28.0,881.0,31.5,Isaac Okoro,53.0,76.0,360.0,12.9,26.0,55.0,124.0,4.4
6,6,ATL,Onyeka Okongwu,USC,2.0,98.0,1593.0,620.0,446.0,71.0,0.672,0.0,0.695,16.3,6.3,4.6,0.7,6.1,0.184,0.0,0.8,19.0,30.0,1.1,76.0,USC,175.0,1.0,.250,4.0,.616,284.0,103.0,.720,143.0,28.0,858.0,30.6,Onyeka Okongwu,92.0,75.0,454.0,16.2,34.0,56.0,242.0,8.6
8,8,NYK,Obi Toppin,Dayton,2.0,134.0,1913.0,901.0,406.0,106.0,0.521,0.307,0.753,14.3,6.7,3.0,0.8,5.5,0.137,1.0,1.5,21.0,67.0,2.2,38.0,DAYTON,245.0,32.0,.390,82.0,.633,387.0,99.0,.702,141.0,31.0,981.0,31.6,Obi Toppin,37.0,51.0,621.0,20.0,30.0,68.0,234.0,7.5
10,10,PHO,Jalen Smith,Maryland,2.0,78.0,1081.0,523.0,344.0,28.0,0.495,0.317,0.761,13.9,6.7,4.4,0.4,2.9,0.127,-1.3,0.2,19.0,25.0,0.8,73.0,MARYLAND,168.0,32.0,.368,87.0,.538,312.0,111.0,.750,148.0,31.0,970.0,31.3,Jalen Smith,99.0,73.0,479.0,15.5,22.0,53.0,326.0,10.5
11,11,SAS,Devin Vassell,Florida State,2.0,133.0,2993.0,1213.0,480.0,192.0,0.421,0.357,0.84,22.5,9.1,3.6,1.4,4.8,0.077,-0.9,0.8,19.0,49.0,1.6,29.0,FLORIDAST,144.0,44.0,.415,106.0,.490,294.0,48.0,.738,65.0,30.0,863.0,28.8,Devin Vassell,38.0,58.0,380.0,12.7,42.0,23.0,152.0,5.1
12,12,SAC,Tyrese Haliburton,Iowa State,2.0,135.0,4441.0,1934.0,484.0,937.0,0.473,0.412,0.846,32.9,14.3,3.6,6.9,10.5,0.114,2.1,4.6,19.0,142.0,6.5,15.0,IOWAST,123.0,52.0,.419,124.0,.504,244.0,37.0,.822,45.0,22.0,807.0,36.7,Tyrese Haliburton,32.0,28.0,335.0,15.2,54.0,61.0,129.0,5.9
13,13,NOP,Kira Lewis Jr.,Alabama,2.0,78.0,1245.0,484.0,110.0,173.0,0.391,0.298,0.841,16.0,6.2,1.4,2.2,0.7,0.028,-3.6,-0.5,18.0,162.0,5.2,18.0,ALABAMA,206.0,56.0,.366,153.0,.459,449.0,105.0,.802,131.0,31.0,1167.0,37.6,Kira Lewis Jr.,26.0,81.0,573.0,18.5,56.0,110.0,148.0,4.8
14,14,BOS,Aaron Nesmith,Vanderbilt,2.0,98.0,1243.0,414.0,216.0,45.0,0.417,0.318,0.796,12.7,4.2,2.2,0.5,1.5,0.058,-3.7,-0.5,20.0,13.0,0.9,12.0,VANDY,105.0,60.0,.522,115.0,.512,205.0,52.0,.825,63.0,14.0,500.0,35.7,Aaron Nesmith,11.0,39.0,322.0,23.0,20.0,24.0,68.0,4.9
15,15,ORL,Cole Anthony,UNC,2.0,112.0,3332.0,1667.0,569.0,561.0,0.393,0.337,0.846,29.8,14.9,5.1,5.0,1.6,0.023,-2.0,0.0,19.0,88.0,4.0,6.0,UNC,131.0,49.0,.348,141.0,.380,345.0,96.0,.750,128.0,22.0,768.0,34.9,Cole Anthony,10.0,64.0,407.0,18.5,29.0,77.0,125.0,5.7
16,16,POR,Isaiah Stewart,Washington,2.0,139.0,3271.0,1126.0,1070.0,141.0,0.529,0.33,0.708,23.5,8.1,7.7,1.0,7.4,0.109,-2.3,-0.2,18.0,27.0,0.8,66.0,WASHINGTON,192.0,5.0,.250,20.0,.570,337.0,154.0,.774,199.0,32.0,1031.0,32.2,Isaiah Stewart,88.0,84.0,543.0,17.0,17.0,71.0,281.0,8.8
18,18,DAL,Josh Green,Arizona,2.0,106.0,1484.0,420.0,239.0,107.0,0.493,0.311,0.647,14.0,4.0,2.3,1.0,2.9,0.093,-1.8,0.1,19.0,78.0,2.6,13.0,ARIZONA,122.0,30.0,.361,83.0,.424,288.0,85.0,.780,109.0,30.0,926.0,30.9,Josh Green,39.0,73.0,359.0,12.0,46.0,49.0,137.0,4.6
19,19,BRK,Saddiq Bey,Villanova,2.0,152.0,4613.0,2178.0,759.0,328.0,0.399,0.361,0.833,30.3,14.3,5.0,2.2,7.3,0.075,-0.4,1.9,20.0,74.0,2.4,12.0,VILLANOVA,175.0,79.0,.451,175.0,.477,367.0,70.0,.769,91.0,31.0,1051.0,33.9,Saddiq Bey,40.0,77.0,499.0,16.1,24.0,46.0,147.0,4.7
20,20,MIA,Precious Achiuwa,Memphis,2.0,134.0,2462.0,968.0,681.0,111.0,0.468,0.357,0.556,18.4,7.2,5.1,0.8,3.8,0.075,-3.0,-0.7,20.0,30.0,1.0,58.0,MEMPHIS,182.0,13.0,.325,40.0,.493,369.0,112.0,.599,187.0,31.0,943.0,30.4,Precious Achiuwa,93.0,73.0,489.0,15.8,34.0,87.0,334.0,10.8
21,21,PHI,Tyrese Maxey,Kentucky,2.0,136.0,3585.0,1799.0,344.0,441.0,0.478,0.396,0.867,26.4,13.2,2.5,3.2,9.2,0.123,0.0,1.9,19.0,99.0,3.2,12.0,KENTUCKY,150.0,33.0,.292,113.0,.427,351.0,100.0,.833,120.0,31.0,1069.0,34.5,Tyrese Maxey,12.0,74.0,433.0,14.0,27.0,67.0,133.0,4.3
22,22,DEN,Zeke Nnaji,Arizona,2.0,83.0,1095.0,406.0,212.0,27.0,0.503,0.439,0.663,13.2,4.9,2.6,0.3,2.7,0.116,-2.1,0.0,19.0,27.0,0.8,28.0,ARIZONA,179.0,5.0,.294,17.0,.570,314.0,152.0,.760,200.0,32.0,981.0,30.7,Zeke Nnaji,99.0,76.0,515.0,16.1,23.0,70.0,276.0,8.6
25,25,OKC,Immanuel Quickley,Kentucky,2.0,142.0,3045.0,1613.0,384.0,402.0,0.393,0.365,0.885,21.4,11.4,2.7,2.8,7.5,0.118,0.5,1.9,20.0,56.0,1.9,4.0,KENTUCKY,138.0,62.0,.428,145.0,.417,331.0,144.0,.923,156.0,30.0,989.0,33.0,Immanuel Quickley,16.0,70.0,482.0,16.1,27.0,48.0,126.0,4.2
26,26,BOS,Payton Pritchard,Oregon,2.0,137.0,2269.0,952.0,292.0,259.0,0.435,0.412,0.924,16.6,6.9,2.1,1.9,5.6,0.118,0.4,1.4,22.0,172.0,5.5,1.0,OREGON,216.0,88.0,.415,212.0,.468,462.0,115.0,.821,140.0,31.0,1135.0,36.6,Payton Pritchard,21.0,62.0,635.0,20.5,47.0,85.0,134.0,4.3
27,27,UTA,Udoka Azubuike,Kansas,2.0,32.0,252.0,96.0,84.0,0.0,0.707,,0.667,7.9,3.0,2.6,0.0,0.8,0.148,-2.0,0.0,20.0,29.0,0.9,80.0,KANSAS,181.0,0.0,0,0.0,.748,242.0,64.0,.441,145.0,31.0,859.0,27.7,Udoka Azubuike,107.0,75.0,426.0,13.7,15.0,76.0,324.0,10.5
28,28,LAL,Jaden McDaniels,Washington,2.0,133.0,3314.0,1074.0,525.0,150.0,0.455,0.338,0.724,24.9,8.1,3.9,1.1,3.9,0.056,-3.2,-1.0,19.0,65.0,2.1,43.0,WASHINGTON,136.0,43.0,.339,127.0,.405,336.0,87.0,.763,114.0,31.0,963.0,31.1,Jaden McDaniels,34.0,103.0,402.0,13.0,24.0,100.0,180.0,5.8
29,29,TOR,Malachi Flynn,San Diego State,2.0,91.0,1465.0,542.0,179.0,207.0,0.38,0.326,0.75,16.1,6.0,2.0,2.3,1.8,0.06,-2.2,-0.1,21.0,162.0,5.1,3.0,SANDIEGOST,184.0,76.0,.373,204.0,.441,417.0,120.0,.857,140.0,32.0,1070.0,33.4,Malachi Flynn,20.0,56.0,564.0,17.6,56.0,57.0,143.0,4.5
30,30,BOS,Desmond Bane,TCU,2.0,144.0,3785.0,2009.0,544.0,326.0,0.464,0.435,0.882,26.3,14.0,3.8,2.3,10.1,0.129,1.3,3.2,21.0,124.0,3.9,17.0,TXCHRIST,197.0,92.0,.442,208.0,.452,436.0,45.0,.789,57.0,32.0,1152.0,36.0,Desmond Bane,46.0,70.0,531.0,16.6,47.0,74.0,203.0,6.3
31,31,DAL,Tyrell Terry,Stanford,2.0,13.0,59.0,13.0,6.0,6.0,0.353,0.0,0.333,4.5,1.0,0.5,0.5,0.0,-0.035,-4.8,0.0,19.0,99.0,3.2,2.0,STANFORD,147.0,62.0,.408,152.0,.441,333.0,98.0,.891,110.0,31.0,1010.0,32.6,Tyrell Terry,11.0,64.0,454.0,14.6,43.0,82.0,139.0,4.5
32,32,CHO,Vernon Carey Jr.,Duke,2.0,26.0,159.0,66.0,39.0,2.0,0.51,0.143,0.625,6.1,2.5,1.5,0.1,0.2,0.066,-6.5,-0.2,18.0,30.0,1.0,49.0,DUKE,199.0,8.0,.381,21.0,.577,345.0,146.0,.670,218.0,31.0,772.0,24.9,Vernon Carey Jr.,83.0,85.0,552.0,17.8,22.0,63.0,272.0,8.8
33,33,MIN,Daniel Oturu,Minnesota,2.0,33.0,188.0,63.0,53.0,10.0,0.431,0.167,0.706,5.7,1.9,1.6,0.3,0.3,0.086,-5.2,-0.2,20.0,34.0,1.1,76.0,MINNESOTA,238.0,19.0,.365,52.0,.563,423.0,128.0,.707,181.0,31.0,1050.0,33.9,Daniel Oturu,116.0,83.0,623.0,20.1,17.0,88.0,349.0,11.3
35,35,SAC,Xavier Tillman Sr.,Michigan State,2.0,112.0,1786.0,642.0,417.0,137.0,0.515,0.281,0.645,15.9,5.7,3.7,1.2,4.6,0.125,0.2,1.0,21.0,93.0,3.0,65.0,MICHIGANST,165.0,13.0,.260,50.0,.550,300.0,82.0,.667,123.0,31.0,995.0,32.1,Xavier Tillman Sr.,83.0,81.0,425.0,13.7,37.0,61.0,320.0,10.3
36,36,PHI,Tyler Bey,Colorado,1.0,18.0,71.0,18.0,19.0,3.0,0.318,0.25,0.6,3.9,1.0,1.1,0.2,0.0,-0.033,-9.5,-0.1,21.0,46.0,1.5,36.0,COLORADO,140.0,13.0,.419,31.0,.530,264.0,136.0,.743,183.0,31.0,898.0,29.0,Tyler Bey,62.0,59.0,429.0,13.8,48.0,75.0,280.0,9.0
38,38,UTA,Saben Lee,Vanderbilt,2.0,85.0,1385.0,475.0,184.0,281.0,0.434,0.265,0.731,16.3,5.6,2.2,3.3,2.4,0.083,-1.3,0.2,20.0,134.0,4.2,9.0,VANDY,200.0,39.0,.322,121.0,.483,414.0,155.0,.752,206.0,32.0,1052.0,32.9,Saben Lee,18.0,57.0,594.0,18.6,49.0,99.0,113.0,3.5
39,39,NOP,Elijah Hughes,Syracuse,2.0,54.0,498.0,157.0,67.0,28.0,0.328,0.28,0.769,9.2,2.9,1.2,0.5,-0.4,-0.039,-6.4,-0.5,21.0,109.0,3.4,26.0,SYRACUSE,198.0,78.0,.342,228.0,.427,464.0,135.0,.813,166.0,32.0,1175.0,36.7,Elijah Hughes,14.0,58.0,609.0,19.0,37.0,73.0,158.0,4.9
40,40,MEM,Robert Woodard II,Mississippi State,2.0,25.0,87.0,27.0,27.0,5.0,0.278,0.2,0.5,3.5,1.1,1.1,0.2,-0.1,-0.077,-7.7,-0.1,20.0,40.0,1.3,32.0,MISSST,136.0,30.0,.429,70.0,.495,275.0,50.0,.641,78.0,31.0,1025.0,33.1,Robert Woodard II,68.0,58.0,352.0,11.4,35.0,58.0,203.0,6.5
41,41,SAS,Tre Jones,Duke,2.0,106.0,1417.0,507.0,176.0,272.0,0.487,0.232,0.8,13.4,4.8,1.7,2.6,3.3,0.11,-1.0,0.3,20.0,185.0,6.4,10.0,DUKE,162.0,39.0,.361,108.0,.423,383.0,108.0,.771,140.0,29.0,1028.0,35.4,Tre Jones,19.0,51.0,471.0,16.2,52.0,78.0,123.0,4.2
42,42,NOP,Nick Richards,Kentucky,2.0,68.0,430.0,165.0,97.0,15.0,0.646,0.0,0.685,6.3,2.4,1.4,0.2,1.0,0.111,-3.5,-0.2,22.0,7.0,0.2,66.0,KENTUCKY,163.0,0.0,0,0.0,.642,254.0,109.0,.752,145.0,31.0,919.0,29.6,Nick Richards,81.0,98.0,435.0,14.0,3.0,49.0,241.0,7.8
43,43,SAC,Jahmi'us Ramsey,Texas Tech,2.0,32.0,228.0,100.0,23.0,13.0,0.406,0.27,0.632,7.1,3.1,0.7,0.4,-0.1,-0.023,-5.9,-0.2,18.0,60.0,2.2,18.0,TXTECH,148.0,60.0,.426,141.0,.442,335.0,50.0,.641,78.0,27.0,842.0,31.2,Jahmi'us Ramsey,20.0,59.0,406.0,15.0,36.0,54.0,108.0,4.0
45,45,MIL,Jordan Nwora,Louisville,2.0,92.0,1459.0,658.0,281.0,66.0,0.415,0.37,0.809,15.9,7.2,3.1,0.7,1.0,0.033,-3.6,-0.6,21.0,40.0,1.3,8.0,LOUISVILLE,189.0,76.0,.402,189.0,.440,430.0,104.0,.813,128.0,31.0,1026.0,33.1,Jordan Nwora,52.0,69.0,558.0,18.0,23.0,65.0,239.0,7.7
46,46,POR,CJ Elleby,Washington State,2.0,88.0,1366.0,407.0,259.0,97.0,0.39,0.275,0.717,15.5,4.6,2.9,1.1,0.5,0.018,-5.2,-1.1,19.0,60.0,1.9,26.0,WASHST,197.0,74.0,.339,218.0,.396,498.0,121.0,.823,147.0,32.0,1068.0,33.4,CJ Elleby,39.0,94.0,589.0,18.4,56.0,69.0,251.0,7.8
48,48,GSW,Nico Mannion,Arizona,1.0,30.0,364.0,123.0,46.0,70.0,0.342,0.367,0.821,12.1,4.1,1.5,2.3,0.2,0.029,-3.9,-0.2,18.0,169.0,5.3,0.0,ARIZONA,144.0,53.0,.327,162.0,.392,367.0,106.0,.797,133.0,32.0,1032.0,32.3,Nico Mannion,8.0,55.0,447.0,14.0,38.0,82.0,80.0,2.5
49,49,PHI,Isaiah Joe,Arkansas,2.0,96.0,992.0,351.0,92.0,55.0,0.355,0.349,0.855,10.3,3.7,1.0,0.6,1.1,0.052,-4.0,-0.5,20.0,45.0,1.7,7.0,ARKANSAS,132.0,94.0,.342,275.0,.367,360.0,81.0,.890,91.0,26.0,939.0,36.1,Isaiah Joe,14.0,48.0,439.0,16.9,37.0,45.0,107.0,4.1
50,50,ATL,Skylar Mays,LSU,2.0,61.0,489.0,204.0,60.0,47.0,0.469,0.338,0.882,8.0,3.3,1.0,0.8,1.1,0.104,0.1,0.3,22.0,100.0,3.2,7.0,LSU,169.0,50.0,.394,127.0,.491,344.0,129.0,.854,151.0,31.0,1067.0,34.4,Skylar Mays,15.0,52.0,517.0,16.7,55.0,70.0,156.0,5.0
51,51,GSW,Justinian Jessup,Boise State,,,,,,,,,,,,,,,,,,21.0,67.0,2.1,15.0,BOISEST,172.0,98.0,.397,247.0,.426,404.0,70.0,.959,73.0,32.0,1151.0,36.0,Justinian Jessup,31.0,69.0,512.0,16.0,45.0,40.0,142.0,4.4
53,53,OKC,Cassius Winston,Michigan State,2.0,29.0,137.0,55.0,10.0,19.0,0.409,0.435,0.9,4.7,1.9,0.3,0.7,0.1,0.051,-4.9,-0.1,21.0,176.0,5.9,1.0,MICHIGANST,185.0,73.0,.432,169.0,.448,413.0,115.0,.852,135.0,30.0,980.0,32.7,Cassius Winston,6.0,59.0,558.0,18.6,36.0,96.0,75.0,2.5
54,54,IND,Cassius Stanley,Duke,2.0,33.0,248.0,88.0,39.0,5.0,0.36,0.233,0.895,7.5,2.7,1.2,0.2,0.0,-0.006,-7.9,-0.4,20.0,30.0,1.0,21.0,DUKE,128.0,31.0,.360,86.0,.474,270.0,77.0,.733,105.0,29.0,796.0,27.4,Cassius Stanley,54.0,63.0,364.0,12.6,20.0,54.0,141.0,4.9
56,56,CHO,Grant Riller,College of Charleston,1.0,7.0,27.0,18.0,1.0,3.0,0.667,0.5,,3.9,2.6,0.1,0.4,0.1,0.177,5.1,0.0,22.0,122.0,3.9,10.0,CHARLESTON,227.0,47.0,.362,130.0,.499,455.0,177.0,.827,214.0,31.0,1039.0,33.5,Grant Riller,16.0,70.0,678.0,21.9,49.0,97.0,159.0,5.1
57,57,LAC,Reggie Perry,Mississippi State,2.0,36.0,398.0,170.0,120.0,26.0,0.459,0.189,0.679,11.1,4.7,3.3,0.7,0.4,0.048,-5.5,-0.3,19.0,72.0,2.3,36.0,MISSST,183.0,23.0,.324,71.0,.500,366.0,149.0,.768,194.0,31.0,963.0,31.1,Reggie Perry,97.0,96.0,538.0,17.4,26.0,90.0,312.0,10.1
58,58,PHI,Paul Reed,DePaul,2.0,64.0,479.0,204.0,153.0,28.0,0.552,0.143,0.455,7.5,3.2,2.4,0.4,1.9,0.193,1.0,0.4,20.0,47.0,1.6,74.0,DEPAUL,182.0,16.0,.308,52.0,.516,353.0,59.0,.738,80.0,29.0,918.0,31.7,Paul Reed,95.0,86.0,439.0,15.1,54.0,66.0,310.0,10.7
59,59,TOR,Jalen Harris,Nevada,1.0,13.0,172.0,96.0,18.0,17.0,0.5,0.472,0.778,13.2,7.4,1.4,1.3,0.3,0.079,0.3,0.1,21.0,118.0,3.9,4.0,NEVADA,224.0,67.0,.362,185.0,.446,502.0,135.0,.823,164.0,30.0,991.0,33.0,Jalen Harris,24.0,69.0,650.0,21.7,34.0,72.0,194.0,6.5
60,60,NOP,Sam Merrill,Utah State University,2.0,36.0,291.0,114.0,37.0,25.0,0.417,0.4,0.75,8.1,3.2,1.0,0.7,0.5,0.088,-1.9,0.0,23.0,125.0,3.9,3.0,UTAHST,195.0,89.0,.410,217.0,.461,423.0,150.0,.893,168.0,32.0,1119.0,35.0,Sam Merrill,7.0,73.0,629.0,19.7,28.0,50.0,132.0,4.1
1,1,DET,Cade Cunningham,Oklahoma State,1.0,64.0,2088.0,1114.0,354.0,356.0,0.416,0.314,0.845,32.6,17.4,5.5,5.6,-0.5,-0.011,-1.6,0.2,19.0,94.0,3.5,21.0,OKSTATE,175.0,62.0,.400,155.0,.438,400.0,132.0,.846,156.0,27.0,956.0,35.4,Cade Cunningham,19.0,67.0,544.0,20.1,43.0,109.0,167.0,6.2
3,3,CLE,Evan Mobley,USC,1.0,69.0,2331.0,1034.0,570.0,174.0,0.508,0.25,0.663,33.8,15.0,8.3,2.5,5.2,0.107,0.6,1.5,19.0,79.0,2.4,95.0,USC,197.0,12.0,.300,40.0,.578,341.0,134.0,.694,193.0,33.0,1120.0,33.9,Evan Mobley,90.0,58.0,540.0,16.4,26.0,74.0,286.0,8.7
4,4,TOR,Scottie Barnes,Florida State,1.0,74.0,2617.0,1134.0,557.0,256.0,0.492,0.301,0.735,35.4,15.3,7.5,3.5,6.6,0.122,0.9,1.9,19.0,98.0,4.1,11.0,FLORIDAST,98.0,11.0,.275,40.0,.503,195.0,41.0,.621,66.0,24.0,595.0,24.8,Scottie Barnes,35.0,52.0,248.0,10.3,35.0,59.0,96.0,4.0
5,5,ORL,Jalen Suggs,Gonzaga,1.0,48.0,1307.0,564.0,171.0,209.0,0.361,0.214,0.773,27.2,11.8,3.6,4.4,-1.6,-0.06,-5.6,-1.2,19.0,136.0,4.5,10.0,GONZAGA,155.0,35.0,.337,104.0,.503,308.0,86.0,.754,114.0,30.0,868.0,28.9,Jalen Suggs,18.0,78.0,431.0,14.4,57.0,88.0,160.0,5.3
8,8,ORL,Franz Wagner,Michigan,1.0,79.0,2429.0,1197.0,356.0,231.0,0.468,0.354,0.863,30.7,15.2,4.5,2.9,4.0,0.079,-0.7,0.8,19.0,84.0,3.0,29.0,MICHIGAN,124.0,35.0,.343,102.0,.477,260.0,66.0,.835,79.0,28.0,887.0,31.7,Franz Wagner,20.0,62.0,349.0,12.5,35.0,36.0,183.0,6.5
9,9,SAC,Davion Mitchell,Baylor,1.0,75.0,2076.0,861.0,166.0,313.0,0.418,0.316,0.659,27.7,11.5,2.2,4.2,0.1,0.003,-3.8,-0.9,22.0,165.0,5.5,11.0,BAYLOR,158.0,63.0,.447,141.0,.511,309.0,41.0,.641,64.0,30.0,991.0,33.0,Davion Mitchell,14.0,71.0,420.0,14.0,57.0,73.0,80.0,2.7
10,10,NOP,Ziaire Williams,Stanford,1.0,62.0,1346.0,501.0,129.0,65.0,0.45,0.314,0.782,21.7,8.1,2.1,1.0,2.2,0.08,-3.0,-0.3,19.0,44.0,2.2,11.0,STANFORD,76.0,23.0,.291,79.0,.374,203.0,39.0,.796,49.0,20.0,558.0,27.9,Ziaire Williams,10.0,48.0,214.0,10.7,17.0,58.0,91.0,4.6
11,11,CHO,James Bouknight,UConn,1.0,31.0,304.0,142.0,52.0,26.0,0.348,0.347,0.871,9.8,4.6,1.7,0.8,0.0,0.001,-7.1,-0.4,20.0,27.0,1.8,4.0,UCONN,98.0,22.0,.293,75.0,.447,219.0,63.0,.778,81.0,15.0,475.0,31.7,James Bouknight,23.0,28.0,281.0,18.7,17.0,42.0,85.0,5.7
12,12,SAS,Joshua Primo,Alabama,1.0,50.0,965.0,288.0,113.0,81.0,0.374,0.307,0.746,19.3,5.8,2.3,1.6,0.0,0.001,-5.0,-0.7,18.0,25.0,0.8,9.0,ALABAMA,84.0,43.0,.381,113.0,.431,195.0,33.0,.750,44.0,30.0,674.0,22.5,Joshua Primo,31.0,50.0,244.0,8.1,17.0,41.0,101.0,3.4
13,13,IND,Chris Duarte,Oregon,1.0,55.0,1541.0,720.0,226.0,114.0,0.432,0.369,0.804,28.0,13.1,4.1,2.1,0.9,0.029,-2.3,-0.1,23.0,69.0,2.7,21.0,OREGON,160.0,61.0,.424,144.0,.532,301.0,64.0,.810,79.0,26.0,886.0,34.1,Chris Duarte,19.0,36.0,445.0,17.1,49.0,59.0,120.0,4.6
14,14,GSW,Moses Moody,Arkansas,1.0,52.0,607.0,228.0,80.0,23.0,0.437,0.364,0.778,11.7,4.4,1.5,0.4,1.3,0.101,-2.5,-0.1,18.0,51.0,1.6,21.0,ARKANSAS,165.0,58.0,.358,162.0,.427,386.0,151.0,.812,186.0,32.0,1082.0,33.8,Moses Moody,64.0,74.0,539.0,16.8,33.0,52.0,184.0,5.8
15,15,WAS,Corey Kispert,Gonzaga,1.0,77.0,1801.0,634.0,209.0,85.0,0.455,0.35,0.871,23.4,8.2,2.7,1.1,2.3,0.061,-2.3,-0.1,21.0,58.0,1.8,14.0,GONZAGA,209.0,91.0,.440,207.0,.529,395.0,86.0,.878,98.0,32.0,1019.0,31.8,Corey Kispert,30.0,54.0,595.0,18.6,29.0,42.0,159.0,5.0
17,17,MEM,Trey Murphy III,Virginia,1.0,62.0,864.0,334.0,147.0,38.0,0.394,0.382,0.882,13.9,5.4,2.4,0.6,1.9,0.104,-1.2,0.2,20.0,30.0,1.2,11.0,VIRGINIA,96.0,52.0,.433,120.0,.503,191.0,38.0,.927,41.0,25.0,739.0,29.6,Trey Murphy III,15.0,49.0,282.0,11.3,20.0,19.0,85.0,3.4
18,18,OKC,Tre Mann,Florida,1.0,60.0,1367.0,625.0,171.0,91.0,0.393,0.36,0.793,22.8,10.4,2.9,1.5,0.1,0.002,-4.3,-0.8,19.0,83.0,3.5,3.0,FLORIDA,133.0,45.0,.402,112.0,.459,290.0,74.0,.831,89.0,24.0,777.0,32.4,Tre Mann,16.0,57.0,385.0,16.0,33.0,68.0,135.0,5.6
19,19,NYK,Kai Jones,Texas,1.0,21.0,63.0,22.0,11.0,4.0,0.643,0.5,0.375,3.0,1.0,0.5,0.2,0.0,0.009,-6.6,-0.1,20.0,16.0,0.6,24.0,TEXAS,83.0,13.0,.382,34.0,.580,143.0,51.0,.689,74.0,26.0,594.0,22.8,Kai Jones,51.0,69.0,230.0,8.8,22.0,36.0,126.0,4.8
20,20,ATL,Jalen Johnson,Duke,1.0,22.0,120.0,52.0,26.0,3.0,0.537,0.231,0.714,5.5,2.4,1.2,0.1,0.0,0.013,-4.9,-0.1,19.0,29.0,2.2,16.0,DUKE,57.0,8.0,.444,18.0,.523,109.0,24.0,.632,38.0,13.0,278.0,21.4,Jalen Johnson,20.0,29.0,146.0,11.2,15.0,33.0,79.0,6.1
21,21,NYK,Keon Johnson,Tennessee,1.0,37.0,697.0,267.0,81.0,76.0,0.353,0.34,0.804,18.8,7.2,2.2,2.1,-0.5,-0.031,-5.9,-0.7,18.0,67.0,2.5,12.0,TENNESSEE,111.0,13.0,.271,48.0,.449,247.0,71.0,.703,101.0,27.0,688.0,25.5,Keon Johnson,29.0,64.0,306.0,11.3,30.0,71.0,95.0,3.5
22,22,LAL,Isaiah Jackson,Kentucky,1.0,36.0,541.0,297.0,149.0,10.0,0.563,0.313,0.682,15.0,8.3,4.1,0.3,1.4,0.126,-1.5,0.1,19.0,18.0,0.7,65.0,KENTUCKY,74.0,0.0,.000,2.0,.540,137.0,63.0,.700,90.0,25.0,519.0,20.8,Isaiah Jackson,53.0,75.0,211.0,8.4,19.0,38.0,165.0,6.6
24,24,HOU,Josh Christopher,Arizona State,1.0,74.0,1334.0,587.0,186.0,150.0,0.448,0.296,0.735,18.0,7.9,2.5,2.0,0.3,0.01,-3.5,-0.5,19.0,21.0,1.4,8.0,ARIZONAST,76.0,18.0,.305,59.0,.432,176.0,44.0,.800,55.0,15.0,446.0,29.7,Josh Christopher,10.0,48.0,214.0,14.3,22.0,26.0,71.0,4.7
25,25,LAC,Quentin Grimes,Houston,1.0,46.0,786.0,275.0,94.0,44.0,0.404,0.381,0.684,17.1,6.0,2.0,1.0,1.4,0.087,-0.3,0.3,20.0,59.0,2.0,9.0,HOUSTON,173.0,100.0,.403,248.0,.406,426.0,89.0,.788,113.0,30.0,984.0,32.8,Quentin Grimes,48.0,66.0,535.0,17.8,42.0,55.0,171.0,5.7
26,26,DEN,Bones Hyland,VCU,1.0,69.0,1310.0,698.0,188.0,191.0,0.403,0.366,0.856,19.0,10.1,2.7,2.8,2.4,0.088,-0.4,0.5,20.0,50.0,2.1,4.0,VCU,152.0,69.0,.371,186.0,.447,340.0,94.0,.862,109.0,24.0,766.0,31.9,Bones Hyland,4.0,53.0,467.0,19.5,45.0,74.0,113.0,4.7
27,27,BRK,Cam Thomas,LSU,1.0,67.0,1176.0,570.0,161.0,78.0,0.433,0.27,0.829,17.6,8.5,2.4,1.2,0.8,0.033,-3.4,-0.4,19.0,42.0,1.4,6.0,LSU,203.0,68.0,.325,209.0,.406,500.0,194.0,.882,220.0,29.0,986.0,34.0,Cam Thomas,18.0,40.0,668.0,23.0,25.0,49.0,98.0,3.4
28,28,PHI,Jaden Springer,Tennessee,1.0,2.0,6.0,2.0,2.0,0.0,1.0,,,3.0,1.0,1.0,0.0,0.0,0.138,17.1,0.0,18.0,73.0,2.9,11.0,TENNESSEE,106.0,20.0,.435,46.0,.467,227.0,81.0,.810,100.0,25.0,648.0,25.9,Jaden Springer,26.0,51.0,313.0,12.5,30.0,60.0,88.0,3.5
29,29,PHO,Day'Ron Sharpe,UNC,1.0,32.0,391.0,198.0,160.0,17.0,0.577,0.286,0.585,12.2,6.2,5.0,0.5,1.2,0.152,-2.8,-0.1,19.0,42.0,1.4,26.0,UNC,112.0,0.0,.000,2.0,.519,216.0,51.0,.505,101.0,29.0,556.0,19.2,Day'Ron Sharpe,97.0,59.0,275.0,9.5,23.0,57.0,219.0,7.6
30,30,UTA,Santi Aldama,Loyola (MD),1.0,32.0,360.0,132.0,87.0,21.0,0.402,0.125,0.625,11.3,4.1,2.7,0.7,0.3,0.044,-5.7,-0.3,20.0,39.0,2.3,29.0,LOYOLAMD,135.0,32.0,.368,87.0,.513,263.0,59.0,.686,86.0,17.0,595.0,35.0,Santi Aldama,31.0,32.0,361.0,21.2,17.0,55.0,172.0,10.1
32,32,NYK,Jeremiah Robinson-Earl,Villanova,1.0,49.0,1087.0,366.0,274.0,49.0,0.414,0.352,0.741,22.2,7.5,5.6,1.0,1.5,0.065,-2.2,-0.1,20.0,55.0,2.2,16.0,VILLANOVA,155.0,23.0,.280,82.0,.497,312.0,60.0,.714,84.0,25.0,862.0,34.5,Jeremiah Robinson-Earl,62.0,57.0,393.0,15.7,24.0,40.0,212.0,8.5
33,33,ORL,Jason Preston,Ohio University,,,,,,,,,,,,,,,,,,21.0,145.0,7.3,5.0,OHIO,127.0,32.0,.390,82.0,.514,247.0,28.0,.596,47.0,20.0,691.0,34.6,Jason Preston,21.0,27.0,314.0,15.7,29.0,60.0,145.0,7.3
35,35,NOP,Herbert Jones,Alabama,1.0,78.0,2335.0,742.0,296.0,167.0,0.476,0.337,0.84,29.9,9.5,3.8,2.1,4.6,0.096,-0.5,0.9,22.0,108.0,3.3,37.0,ALABAMA,129.0,20.0,.351,57.0,.446,289.0,92.0,.713,129.0,33.0,900.0,27.3,Herbert Jones,82.0,94.0,370.0,11.2,57.0,93.0,217.0,6.6
36,36,OKC,Miles McBride,West Virginia,1.0,40.0,372.0,89.0,42.0,41.0,0.296,0.25,0.667,9.3,2.2,1.1,1.0,0.2,0.032,-4.5,-0.2,20.0,140.0,4.8,9.0,WVIRGINIA,157.0,46.0,.414,111.0,.431,364.0,100.0,.813,123.0,29.0,991.0,34.2,Miles McBride,34.0,49.0,460.0,15.9,55.0,53.0,113.0,3.9
37,37,DET,JT Thor,Auburn,1.0,33.0,262.0,67.0,43.0,19.0,0.436,0.259,0.6,7.9,2.0,1.3,0.6,0.3,0.058,-3.0,-0.1,18.0,23.0,0.9,37.0,AUBURN,84.0,22.0,.297,74.0,.440,191.0,63.0,.741,85.0,27.0,622.0,23.0,JT Thor,44.0,55.0,253.0,9.4,22.0,42.0,136.0,5.0
38,38,CHI,Ayo Dosunmu,Illinois,1.0,77.0,2110.0,679.0,214.0,256.0,0.52,0.376,0.679,27.4,8.8,2.8,3.3,3.0,0.069,-2.0,0.0,21.0,147.0,5.3,6.0,ILLINOIS,210.0,32.0,.390,82.0,.488,430.0,112.0,.783,143.0,28.0,984.0,35.1,Ayo Dosunmu,31.0,58.0,564.0,20.1,31.0,93.0,177.0,6.3
39,39,SAC,Neemias Queta,Utah State University,1.0,14.0,120.0,45.0,31.0,6.0,0.447,,0.647,8.6,3.2,2.2,0.4,0.1,0.051,-5.1,-0.1,21.0,77.0,2.7,97.0,UTAHST,167.0,0.0,.000,2.0,.559,299.0,99.0,.707,140.0,29.0,871.0,30.0,Neemias Queta,83.0,69.0,433.0,14.9,31.0,69.0,294.0,10.1
40,40,NOP,Jared Butler,Baylor,1.0,42.0,360.0,161.0,45.0,63.0,0.404,0.318,0.688,8.6,3.8,1.1,1.5,0.4,0.057,-1.6,0.0,20.0,144.0,4.8,11.0,BAYLOR,177.0,77.0,.416,185.0,.471,376.0,71.0,.780,91.0,30.0,910.0,30.3,Jared Butler,13.0,73.0,502.0,16.7,59.0,85.0,99.0,3.3
41,41,SAS,Joe Wieskamp,Iowa,1.0,29.0,205.0,61.0,14.0,9.0,0.357,0.326,0.538,7.1,2.1,0.5,0.3,0.1,0.035,-3.9,-0.1,21.0,53.0,1.7,10.0,IOWA,161.0,73.0,.462,158.0,.491,328.0,65.0,.677,96.0,31.0,907.0,29.3,Joe Wieskamp,37.0,48.0,460.0,14.8,29.0,43.0,206.0,6.6
42,42,DET,Isaiah Livers,Michigan,1.0,19.0,383.0,121.0,57.0,21.0,0.456,0.422,0.857,20.2,6.4,3.0,1.1,0.7,0.085,-1.5,0.0,22.0,46.0,2.0,17.0,MICHIGAN,102.0,50.0,.431,116.0,.457,223.0,47.0,.870,54.0,23.0,727.0,31.6,Isaiah Livers,25.0,37.0,301.0,13.1,13.0,26.0,138.0,6.0
43,43,NOP,Greg Brown III,Texas,1.0,48.0,640.0,225.0,135.0,35.0,0.426,0.311,0.677,13.3,4.7,2.8,0.7,0.4,0.029,-4.7,-0.4,19.0,10.0,0.4,26.0,TEXAS,81.0,30.0,.330,91.0,.420,193.0,51.0,.708,72.0,26.0,535.0,20.6,Greg Brown III,31.0,77.0,243.0,9.3,15.0,60.0,161.0,6.2
44,44,BRK,Kessler Edwards,Pepperdine,1.0,48.0,987.0,284.0,172.0,31.0,0.412,0.353,0.842,20.6,5.9,3.6,0.6,0.6,0.031,-3.8,-0.5,20.0,33.0,1.2,33.0,PEPPERDINE,164.0,45.0,.378,119.0,.491,334.0,92.0,.876,105.0,27.0,916.0,33.9,Kessler Edwards,33.0,58.0,465.0,17.2,26.0,49.0,184.0,6.8
46,46,TOR,Dalano Banton,Nebraska,1.0,64.0,696.0,205.0,124.0,99.0,0.411,0.255,0.591,10.9,3.2,1.9,1.5,0.4,0.03,-3.0,-0.2,21.0,105.0,3.9,25.0,NEBRASKA,90.0,20.0,.247,81.0,.411,219.0,58.0,.659,88.0,27.0,736.0,27.3,Dalano Banton,27.0,56.0,258.0,9.6,26.0,67.0,159.0,5.9
47,47,TOR,David Johnson,Louisville,1.0,2.0,2.0,0.0,0.0,0.0,0.0,0.0,,1.0,0.0,0.0,0.0,0.0,-0.495,-27.8,0.0,19.0,60.0,3.2,5.0,LOUISVILLE,90.0,32.0,.386,83.0,.411,219.0,28.0,.700,40.0,19.0,667.0,35.1,David Johnson,17.0,51.0,240.0,12.6,20.0,61.0,110.0,5.8
48,48,ATL,Sharife Cooper,Auburn,1.0,13.0,39.0,7.0,5.0,5.0,0.214,0.167,,3.0,0.5,0.4,0.4,-0.2,-0.297,-16.3,-0.1,19.0,97.0,8.1,3.0,AUBURN,72.0,13.0,.228,57.0,.391,184.0,85.0,.825,103.0,12.0,397.0,33.1,Sharife Cooper,8.0,32.0,242.0,20.2,12.0,50.0,51.0,4.3
49,49,BRK,Marcus Zegarowski,Creighton,,,,,,,,,,,,,,,,,,22.0,125.0,4.3,2.0,CREIGHTON,162.0,80.0,.421,190.0,.464,349.0,55.0,.786,70.0,29.0,974.0,33.6,Marcus Zegarowski,9.0,55.0,459.0,15.8,37.0,62.0,105.0,3.6
50,50,PHI,Filip Petruev,Gonzaga,,,,,,,,,,,,,,,,,,19.0,48.0,1.5,26.0,GONZAGA,209.0,2.0,.182,11.0,.562,372.0,156.0,.655,238.0,33.0,856.0,25.9,Filip Petruev,78.0,56.0,576.0,17.5,20.0,69.0,262.0,7.9
51,51,MEM,Brandon Boston Jr.,Kentucky,1.0,51.0,760.0,343.0,111.0,51.0,0.385,0.306,0.819,14.9,6.7,2.2,1.0,0.4,0.026,-3.3,-0.3,19.0,40.0,1.6,4.0,KENTUCKY,103.0,30.0,.300,100.0,.355,290.0,51.0,.785,65.0,25.0,759.0,30.4,Brandon Boston Jr.,33.0,49.0,287.0,11.5,33.0,36.0,112.0,4.5
52,52,DET,Luka Garza,Iowa,1.0,32.0,389.0,186.0,100.0,20.0,0.449,0.327,0.623,12.2,5.8,3.1,0.6,0.8,0.093,-2.5,-0.1,22.0,54.0,1.7,50.0,IOWA,281.0,44.0,.440,100.0,.553,508.0,141.0,.709,199.0,31.0,975.0,31.5,Luka Garza,93.0,70.0,747.0,24.1,21.0,47.0,271.0,8.7
53,53,PHI,Charles Bassey,Western Kentucky,1.0,23.0,168.0,69.0,62.0,7.0,0.638,0.0,0.75,7.3,3.0,2.7,0.3,0.8,0.22,1.9,0.2,20.0,19.0,0.7,87.0,WKENTUCKY,194.0,18.0,.305,59.0,.590,329.0,88.0,.759,116.0,28.0,851.0,30.4,Charles Bassey,92.0,67.0,494.0,17.6,11.0,62.0,325.0,11.6
54,54,IND,Sandro Mamukelashvili,Seton Hall,1.0,41.0,407.0,154.0,82.0,22.0,0.496,0.423,0.818,9.9,3.8,2.0,0.5,1.1,0.135,-0.3,0.2,21.0,87.0,3.2,15.0,SETONHALL,168.0,42.0,.336,125.0,.434,387.0,95.0,.714,133.0,27.0,961.0,35.6,Sandro Mamukelashvili,50.0,47.0,473.0,17.5,29.0,89.0,204.0,7.6
55,55,OKC,Aaron Wiggins,Maryland,1.0,50.0,1209.0,416.0,178.0,68.0,0.463,0.304,0.729,24.2,8.3,3.6,1.4,1.2,0.048,-4.3,-0.7,22.0,79.0,2.5,17.0,MARYLAND,165.0,57.0,.356,160.0,.446,370.0,61.0,.772,79.0,31.0,1023.0,33.0,Aaron Wiggins,35.0,63.0,448.0,14.5,35.0,61.0,181.0,5.8
56,56,CHO,Scottie Lewis,Florida,1.0,2.0,7.0,1.0,0.0,1.0,,,0.5,3.5,0.5,0.0,0.5,0.0,0.164,6.0,0.0,20.0,31.0,1.5,22.0,FLORIDA,57.0,14.0,.318,44.0,.445,128.0,37.0,.673,55.0,21.0,538.0,25.6,Scottie Lewis,17.0,52.0,165.0,7.9,33.0,39.0,65.0,3.1
57,57,CHO,Bala Koprivica,Florida State,,,,,,,,,,,,,,,,,,20.0,18.0,0.8,33.0,FLORIDAST,88.0,1.0,1.000,1.0,.599,147.0,42.0,.689,61.0,24.0,468.0,19.5,Bala Koprivica,51.0,63.0,219.0,9.1,7.0,32.0,135.0,5.6
58,58,NYK,Jericho Sims,Texas,1.0,41.0,555.0,90.0,169.0,21.0,0.722,,0.414,13.5,2.2,4.1,0.5,1.5,0.128,-1.7,0.0,22.0,17.0,0.7,28.0,TEXAS,94.0,0.0,0,0.0,.696,135.0,52.0,.520,100.0,26.0,638.0,24.5,Jericho Sims,56.0,66.0,240.0,9.2,19.0,42.0,188.0,7.2
59,59,BRK,RaiQuan Gray,Florida State,,,,,,,,,,,,,,,,,,21.0,55.0,2.2,18.0,FLORIDAST,109.0,8.0,.267,30.0,.517,211.0,71.0,.763,93.0,25.0,658.0,26.3,RaiQuan Gray,37.0,65.0,297.0,11.9,30.0,55.0,160.0,6.4
