age,ast,blk,drb,efg_pct,fg,fg2,fg2_pct,fg2a,fg3,fg3_pct,fg3a,fg_pct,fga,first_season,ft,ft_pct,fta,g,gs,lg_id,mp,name,orb,pf,pos,pts,stl,team_id,tov,trb,trp_dbl
19.0,275.0,20.0,147.0,.517,350.0,277.0,.491,564.0,73.0,.399,183.0,.469,747.0,2011-12,171.0,.872,196.0,51.0,51.0,NBA,1558.0,Kyrie Irving,44.0,110.0,PG,944.0,54.0,CLE,160.0,191.0,0.0
20.0,38.0,31.0,234.0,.449,205.0,168.0,.467,360.0,37.0,.268,138.0,.412,498.0,2011-12,136.0,.697,195.0,66.0,15.0,NBA,1418.0,Derrick Williams,77.0,95.0,PF,583.0,30.0,MIN,77.0,311.0,
20.0,27.0,62.0,202.0,.439,194.0,194.0,.441,440.0,0.0,.000,2.0,.439,442.0,2011-12,106.0,.552,192.0,60.0,25.0,NBA,1424.0,Tristan Thompson,187.0,134.0,PF,494.0,27.0,CLE,81.0,389.0,
20.0,251.0,10.0,178.0,.483,319.0,214.0,.434,493.0,105.0,.380,276.0,.415,769.0,2011-12,104.0,.759,137.0,66.0,60.0,NBA,2129.0,Brandon Knight,33.0,154.0,PG,847.0,49.0,DET,171.0,211.0,0.0
21.0,289.0,20.0,204.0,.411,281.0,212.0,.392,541.0,69.0,.305,226.0,.366,767.0,2011-12,168.0,.789,213.0,66.0,25.0,NBA,1792.0,Kemba Walker,30.0,79.0,PG,799.0,60.0,CHA,119.0,234.0,1.0
22.0,108.0,3.0,56.0,.473,172.0,94.0,.409,230.0,78.0,.361,216.0,.386,446.0,2011-12,40.0,.833,48.0,61.0,7.0,NBA,1135.0,Jimmer Fredette,17.0,73.0,PG,462.0,30.0,SAC,67.0,73.0,
21.0,133.0,20.0,137.0,.520,318.0,207.0,.460,450.0,111.0,.414,268.0,.443,718.0,2011-12,79.0,.868,91.0,66.0,29.0,NBA,1608.0,Klay Thompson,24.0,155.0,SG,826.0,49.0,GSW,103.0,161.0,
20.0,55.0,5.0,75.0,.450,153.0,138.0,.442,312.0,15.0,.333,45.0,.429,357.0,2011-12,104.0,.727,143.0,59.0,0.0,NBA,939.0,Alec Burks,57.0,84.0,SG,425.0,27.0,UTA,51.0,132.0,
22.0,65.0,42.0,210.0,.448,174.0,131.0,.420,312.0,43.0,.347,124.0,.399,436.0,2011-12,76.0,.717,106.0,63.0,7.0,NBA,1227.0,Markieff Morris,69.0,179.0,PF,467.0,41.0,PHO,70.0,279.0,
22.0,3.0,2.0,11.0,.315,16.0,14.0,.378,37.0,2.0,.118,17.0,.296,54.0,2011-12,6.0,.750,8.0,17.0,0.0,NBA,126.0,Marcus Morris,5.0,12.0,PF,40.0,2.0,HOU,4.0,16.0,
20.0,70.0,24.0,223.0,.543,199.0,158.0,.536,295.0,41.0,.376,109.0,.493,404.0,2011-12,68.0,.773,88.0,64.0,39.0,NBA,1534.0,Kawhi Leonard,104.0,88.0,SF,507.0,85.0,SAS,44.0,327.0,0.0
21.0,31.0,34.0,158.0,.455,131.0,128.0,.452,283.0,3.0,.375,8.0,.450,291.0,2011-12,18.0,.529,34.0,51.0,15.0,NBA,812.0,Nikola Vučević,88.0,111.0,C,283.0,20.0,PHI,33.0,246.0,0.0
21.0,164.0,8.0,144.0,.446,214.0,166.0,.440,377.0,48.0,.306,157.0,.401,534.0,2011-12,87.0,.798,109.0,59.0,35.0,NBA,1705.0,Iman Shumpert,42.0,173.0,PG,563.0,101.0,NYK,111.0,186.0,
22.0,49.0,30.0,190.0,.442,116.0,72.0,.389,185.0,44.0,.346,127.0,.372,312.0,2011-12,30.0,.682,44.0,66.0,51.0,NBA,1431.0,Chris Singleton,43.0,176.0,SF,306.0,70.0,WAS,38.0,233.0,
19.0,22.0,7.0,71.0,.485,79.0,73.0,.500,146.0,6.0,.261,23.0,.467,169.0,2011-12,44.0,.815,54.0,42.0,9.0,NBA,479.0,Tobias Harris,30.0,45.0,SF,208.0,13.0,MIL,31.0,101.0,0.0
23.0,62.0,3.0,39.0,.408,67.0,54.0,.400,135.0,13.0,.289,45.0,.372,180.0,2011-12,20.0,.714,28.0,44.0,4.0,NBA,541.0,Nolan Smith,17.0,55.0,PG,167.0,18.0,POR,42.0,56.0,
22.0,36.0,47.0,210.0,.586,181.0,181.0,.586,309.0,0.0,,0.0,.586,309.0,2011-12,109.0,.665,164.0,46.0,39.0,NBA,1037.0,Kenneth Faried,142.0,116.0,PF,471.0,34.0,DEN,54.0,352.0,
21.0,71.0,1.0,39.0,.362,51.0,38.0,.392,97.0,13.0,.210,62.0,.321,159.0,2011-12,25.0,.862,29.0,45.0,0.0,NBA,501.0,Reggie Jackson,14.0,31.0,PG,140.0,25.0,OKC,36.0,53.0,0.0
23.0,131.0,15.0,130.0,.465,274.0,227.0,.463,490.0,47.0,.313,150.0,.428,640.0,2011-12,113.0,.764,148.0,56.0,47.0,NBA,1648.0,MarShon Brooks,70.0,116.0,SG,708.0,52.0,NJN,118.0,200.0,
21.0,20.0,3.0,51.0,.509,48.0,31.0,.484,64.0,17.0,.362,47.0,.432,111.0,2011-12,2.0,.400,5.0,26.0,2.0,NBA,258.0,Jordan Hamilton,11.0,15.0,SF,115.0,4.0,DEN,16.0,62.0,
22.0,6.0,14.0,38.0,.446,54.0,54.0,.446,121.0,0.0,,0.0,.446,121.0,2011-12,6.0,.667,9.0,36.0,0.0,NBA,298.0,JaJuan Johnson,20.0,25.0,PF,114.0,5.0,BOS,14.0,58.0,
23.0,133.0,2.0,70.0,.417,177.0,156.0,.417,374.0,21.0,.276,76.0,.393,450.0,2011-12,66.0,.776,85.0,65.0,2.0,NBA,1260.0,Norris Cole,21.0,124.0,PG,441.0,44.0,MIA,105.0,91.0,
20.0,34.0,3.0,20.0,.336,22.0,19.0,.345,55.0,3.0,.200,15.0,.314,70.0,2011-12,11.0,.647,17.0,29.0,1.0,NBA,266.0,Cory Joseph,5.0,16.0,PG,58.0,7.0,SAS,12.0,25.0,
22.0,14.0,5.0,33.0,.418,32.0,30.0,.441,68.0,2.0,.182,11.0,.405,79.0,2011-12,43.0,.768,56.0,42.0,0.0,NBA,359.0,Jimmy Butler,23.0,20.0,SG,109.0,11.0,CHI,14.0,56.0,0.0
22.0,2.0,3.0,9.0,.323,9.0,7.0,.389,18.0,2.0,.154,13.0,.290,31.0,2011-12,0.0,.000,1.0,14.0,0.0,NBA,84.0,Justin Harper,3.0,5.0,PF,20.0,2.0,ORL,6.0,12.0,
24.0,77.0,37.0,221.0,.483,275.0,205.0,.464,442.0,70.0,.350,200.0,.428,642.0,2012-13,100.0,.806,124.0,82.0,74.0,NBA,2293.0,Kyle Singler,109.0,217.0,SF,720.0,57.0,DET,98.0,330.0,
21.0,131.0,2.0,80.0,.427,88.0,76.0,.427,178.0,12.0,.286,42.0,.400,220.0,2011-12,42.0,.712,59.0,64.0,0.0,NBA,779.0,Shelvin Mack,12.0,50.0,PG,230.0,28.0,WAS,48.0,92.0,
21.0,7.0,3.0,11.0,.354,8.0,7.0,.333,21.0,1.0,.333,3.0,.333,24.0,2011-12,3.0,.600,5.0,15.0,0.0,NBA,88.0,Tyler Honeycutt,3.0,3.0,SF,20.0,4.0,SAC,2.0,14.0,
21.0,11.0,15.0,90.0,.507,77.0,77.0,.507,152.0,0.0,,0.0,.507,152.0,2011-12,43.0,.652,66.0,43.0,5.0,NBA,635.0,Jordan Williams,66.0,61.0,C,197.0,21.0,NJN,23.0,156.0,
21.0,3.0,3.0,20.0,.426,24.0,20.0,.417,48.0,4.0,.308,13.0,.393,61.0,2011-12,5.0,.714,7.0,24.0,0.0,NBA,119.0,Trey Thompkins,4.0,10.0,C,57.0,3.0,LAC,6.0,24.0,
23.0,134.0,29.0,210.0,.506,248.0,188.0,.507,371.0,60.0,.337,178.0,.452,549.0,2011-12,43.0,.551,78.0,63.0,57.0,NBA,1804.0,Chandler Parsons,90.0,142.0,SF,599.0,73.0,HOU,81.0,300.0,
22.0,25.0,17.0,75.0,.516,97.0,94.0,.516,182.0,3.0,.333,9.0,.508,191.0,2011-12,21.0,.750,28.0,46.0,12.0,NBA,555.0,Jon Leuer,45.0,67.0,PF,218.0,14.0,MIL,18.0,120.0,
21.0,21.0,0.0,14.0,.476,18.0,14.0,.424,33.0,4.0,.444,9.0,.429,42.0,2011-12,6.0,.667,9.0,19.0,0.0,NBA,169.0,Darius Morris,2.0,16.0,PG,46.0,2.0,LAL,19.0,16.0,
21.0,31.0,4.0,17.0,.407,23.0,21.0,.429,49.0,2.0,.200,10.0,.390,59.0,2011-12,14.0,.824,17.0,19.0,0.0,NBA,243.0,Malcolm Lee,9.0,22.0,SG,62.0,8.0,MIN,17.0,26.0,
22.0,170.0,6.0,60.0,.452,130.0,127.0,.469,271.0,3.0,.150,20.0,.447,291.0,2011-12,34.0,.872,39.0,51.0,28.0,NBA,893.0,Charles Jenkins,8.0,85.0,PG,297.0,33.0,GSW,60.0,68.0,
22.0,11.0,20.0,97.0,.490,63.0,43.0,.478,90.0,20.0,.339,59.0,.423,149.0,2011-12,16.0,.615,26.0,37.0,4.0,NBA,540.0,Josh Harrellson,47.0,48.0,PF,162.0,23.0,NYK,20.0,144.0,
23.0,20.0,0.0,26.0,.471,68.0,40.0,.404,99.0,28.0,.373,75.0,.391,174.0,2011-12,11.0,.917,12.0,40.0,0.0,NBA,419.0,Andrew Goudelock,5.0,32.0,SG,175.0,4.0,LAL,21.0,31.0,
21.0,5.0,2.0,3.0,.357,5.0,5.0,.357,14.0,0.0,,0.0,.357,14.0,2011-12,4.0,.444,9.0,10.0,0.0,NBA,45.0,Travis Leslie,6.0,4.0,SG,14.0,2.0,LAC,2.0,9.0,
23.0,0.0,0.0,1.0,.000,0.0,0.0,.000,1.0,0.0,,0.0,.000,1.0,2011-12,0.0,,0.0,3.0,0.0,NBA,9.0,Keith Benson,2.0,0.0,C,0.0,0.0,GSW,0.0,3.0,
20.0,30.0,0.0,13.0,.361,25.0,23.0,.404,57.0,2.0,.133,15.0,.347,72.0,2011-12,11.0,.786,14.0,28.0,0.0,NBA,237.0,Josh Selby,2.0,17.0,PG,63.0,7.0,MEM,29.0,15.0,
22.0,34.0,18.0,124.0,.473,79.0,79.0,.473,167.0,0.0,,0.0,.473,167.0,2011-12,11.0,.786,14.0,41.0,15.0,NBA,624.0,Lavoy Allen,47.0,73.0,PF,169.0,13.0,PHI,20.0,171.0,
25.0,5.0,4.0,20.0,.543,19.0,19.0,.543,35.0,0.0,,0.0,.543,35.0,2011-12,8.0,.571,14.0,23.0,0.0,NBA,135.0,Vernon Macklin,14.0,9.0,C,46.0,4.0,DET,3.0,34.0,
23.0,5.0,0.0,9.0,.480,12.0,12.0,.571,21.0,0.0,.000,4.0,.480,25.0,2011-12,9.0,.474,19.0,17.0,0.0,NBA,115.0,DeAndre Liggins,6.0,6.0,SF,33.0,6.0,ORL,10.0,15.0,
22.0,34.0,3.0,29.0,.456,43.0,26.0,.382,68.0,17.0,.378,45.0,.381,113.0,2011-12,7.0,1.000,7.0,38.0,0.0,NBA,331.0,E'Twaun Moore,4.0,33.0,PG,110.0,11.0,BOS,21.0,33.0,
22.0,266.0,8.0,120.0,.521,256.0,173.0,.491,352.0,83.0,.379,219.0,.448,571.0,2011-12,154.0,.832,185.0,65.0,37.0,NBA,1656.0,Isaiah Thomas,48.0,121.0,PG,749.0,53.0,SAC,105.0,168.0,0.0
19.0,63.0,112.0,357.0,.516,349.0,349.0,.521,670.0,0.0,.000,6.0,.516,676.0,2012-13,169.0,.751,225.0,64.0,60.0,NBA,1846.0,Anthony Davis,165.0,158.0,PF,867.0,75.0,NOH,89.0,522.0,0.0
19.0,117.0,70.0,324.0,.460,281.0,279.0,.462,604.0,2.0,.222,9.0,.458,613.0,2012-13,140.0,.749,187.0,78.0,77.0,NBA,2025.0,Michael Kidd-Gilchrist,131.0,164.0,SF,704.0,54.0,CHA,101.0,455.0,
19.0,137.0,29.0,168.0,.477,282.0,191.0,.424,451.0,91.0,.386,236.0,.410,687.0,2012-13,125.0,.786,159.0,56.0,46.0,NBA,1745.0,Bradley Beal,43.0,113.0,SG,780.0,50.0,WAS,90.0,211.0,0.0
21.0,183.0,16.0,127.0,.451,336.0,273.0,.446,612.0,63.0,.310,203.0,.412,815.0,2012-13,159.0,.746,213.0,61.0,48.0,NBA,1756.0,Dion Waiters,22.0,113.0,SG,894.0,59.0,CLE,121.0,149.0,
21.0,46.0,26.0,193.0,.430,138.0,138.0,.431,320.0,0.0,.000,1.0,.430,321.0,2012-13,57.0,.523,109.0,70.0,0.0,NBA,1056.0,Thomas Robinson,122.0,124.0,PF,333.0,41.0,TOT,88.0,315.0,
22.0,531.0,19.0,215.0,.501,553.0,368.0,.469,785.0,185.0,.368,503.0,.429,1288.0,2012-13,271.0,.844,321.0,82.0,82.0,NBA,3167.0,Damian Lillard,42.0,172.0,PG,1562.0,74.0,POR,243.0,257.0,0.0
20.0,98.0,14.0,280.0,.481,276.0,224.0,.464,483.0,52.0,.359,145.0,.439,628.0,2012-13,144.0,.758,190.0,81.0,81.0,NBA,2058.0,Harrison Barnes,53.0,140.0,SF,748.0,52.0,GSW,101.0,333.0,
21.0,53.0,14.0,109.0,.478,186.0,121.0,.464,261.0,65.0,.332,196.0,.407,457.0,2012-13,30.0,.714,42.0,73.0,2.0,NBA,1239.0,Terrence Ross,35.0,122.0,SG,467.0,43.0,TOR,48.0,144.0,
19.0,30.0,95.0,288.0,.610,208.0,207.0,.609,340.0,1.0,.500,2.0,.608,342.0,2012-13,59.0,.371,159.0,60.0,10.0,NBA,1243.0,Andre Drummond,169.0,144.0,C,476.0,59.0,DET,57.0,457.0,
20.0,127.0,9.0,93.0,.408,145.0,117.0,.385,304.0,28.0,.326,86.0,.372,390.0,2012-13,59.0,.546,108.0,61.0,26.0,NBA,1418.0,Austin Rivers,16.0,122.0,SG,377.0,26.0,NOH,74.0,109.0,
20.0,33.0,38.0,175.0,.551,151.0,148.0,.548,270.0,3.0,.429,7.0,.545,277.0,2012-13,72.0,.809,89.0,69.0,9.0,NBA,1206.0,Meyers Leonard,80.0,168.0,C,377.0,11.0,POR,49.0,255.0,
20.0,5.0,2.0,13.0,.419,24.0,15.0,.395,38.0,9.0,.300,30.0,.353,68.0,2012-13,14.0,1.000,14.0,23.0,0.0,NBA,147.0,Jeremy Lamb,5.0,13.0,SF,71.0,2.0,OKC,6.0,18.0,
21.0,143.0,4.0,38.0,.447,56.0,33.0,.423,78.0,23.0,.315,73.0,.371,151.0,2012-13,8.0,.571,14.0,48.0,3.0,NBA,702.0,Kendall Marshall,4.0,48.0,PG,143.0,22.0,PHO,57.0,42.0,
22.0,31.0,42.0,181.0,.482,162.0,162.0,.486,333.0,0.0,.000,3.0,.482,336.0,2012-13,56.0,.533,105.0,63.0,9.0,NBA,827.0,John Henson,116.0,83.0,PF,380.0,19.0,MIL,47.0,297.0,
19.0,50.0,62.0,213.0,.489,260.0,228.0,.510,447.0,32.0,.274,117.0,.461,564.0,2012-13,73.0,.570,128.0,76.0,59.0,NBA,1974.0,Maurice Harkless,122.0,144.0,SF,625.0,88.0,ORL,69.0,335.0,
22.0,0.0,0.0,0.0,.000,0.0,0.0,.000,1.0,0.0,,0.0,.000,1.0,2013-14,0.0,,0.0,3.0,0.0,NBA,9.0,Royce White,0.0,2.0,PF,0.0,0.0,SAC,0.0,0.0,
23.0,96.0,70.0,279.0,.438,245.0,245.0,.441,555.0,0.0,.000,4.0,.438,559.0,2012-13,120.0,.764,157.0,77.0,55.0,NBA,2033.0,Tyler Zeller,159.0,251.0,C,610.0,35.0,CLE,95.0,438.0,
21.0,15.0,19.0,37.0,.484,43.0,38.0,.507,75.0,5.0,.263,19.0,.457,94.0,2012-13,13.0,.765,17.0,19.0,0.0,NBA,276.0,Terrence Jones,28.0,21.0,PF,104.0,12.0,HOU,13.0,65.0,
23.0,44.0,32.0,189.0,.527,256.0,256.0,.527,486.0,0.0,,0.0,.527,486.0,2012-13,75.0,.798,94.0,75.0,28.0,NBA,1249.0,Andrew Nicholson,69.0,133.0,PF,587.0,24.0,ORL,79.0,258.0,
20.0,35.0,22.0,172.0,.496,111.0,110.0,.500,220.0,1.0,.200,5.0,.493,225.0,2012-13,47.0,.746,63.0,45.0,5.0,NBA,892.0,Jared Sullinger,92.0,154.0,PF,270.0,22.0,BOS,29.0,264.0,
22.0,0.0,2.0,3.0,.500,3.0,3.0,.500,6.0,0.0,,0.0,.500,6.0,2012-13,1.0,.250,4.0,6.0,0.0,NBA,36.0,Fab Melo,0.0,7.0,C,7.0,2.0,BOS,1.0,3.0,
21.0,56.0,10.0,77.0,.536,131.0,78.0,.500,156.0,53.0,.384,138.0,.446,294.0,2012-13,59.0,.843,70.0,61.0,2.0,NBA,902.0,John Jenkins,17.0,37.0,SG,374.0,12.0,ATL,40.0,94.0,
21.0,1.0,0.0,2.0,.500,6.0,4.0,.364,11.0,2.0,.667,3.0,.429,14.0,2012-13,2.0,1.000,2.0,8.0,0.0,NBA,26.0,Jared Cunningham,1.0,3.0,SG,16.0,1.0,DAL,2.0,3.0,
19.0,43.0,4.0,15.0,.407,33.0,29.0,.414,70.0,4.0,.250,16.0,.384,86.0,2012-13,21.0,.724,29.0,35.0,0.0,NBA,272.0,Tony Wroten,13.0,34.0,SG,91.0,8.0,MEM,29.0,28.0,0.0
24.0,2.0,3.0,10.0,.238,5.0,5.0,.238,21.0,0.0,,0.0,.238,21.0,2012-13,3.0,.750,4.0,14.0,0.0,NBA,55.0,Miles Plumlee,12.0,5.0,C,13.0,0.0,IND,3.0,22.0,
22.0,10.0,10.0,69.0,.582,78.0,78.0,.582,134.0,0.0,,0.0,.582,134.0,2012-13,18.0,.643,28.0,47.0,0.0,NBA,542.0,Arnett Moultrie,76.0,43.0,PF,174.0,17.0,PHI,19.0,145.0,
21.0,10.0,6.0,50.0,.394,39.0,39.0,.402,97.0,0.0,.000,2.0,.394,99.0,2012-13,10.0,.667,15.0,38.0,1.0,NBA,280.0,Perry Jones,12.0,23.0,SF,88.0,5.0,OKC,15.0,62.0,
19.0,63.0,7.0,41.0,.398,43.0,39.0,.433,90.0,4.0,.174,23.0,.381,113.0,2012-13,9.0,.563,16.0,48.0,0.0,NBA,392.0,Marquis Teague,3.0,47.0,PG,99.0,9.0,CHI,35.0,44.0,
23.0,22.0,74.0,172.0,.438,74.0,74.0,.438,169.0,0.0,,0.0,.438,169.0,2012-13,43.0,.531,81.0,78.0,41.0,NBA,1120.0,Festus Ezeli,141.0,157.0,C,191.0,23.0,GSW,63.0,313.0,
23.0,63.0,15.0,99.0,.497,172.0,119.0,.486,245.0,53.0,.344,154.0,.431,399.0,2012-13,75.0,.728,103.0,77.0,29.0,NBA,1507.0,Jeff Taylor,51.0,136.0,SF,472.0,47.0,CHA,48.0,150.0,
27.0,6.0,38.0,79.0,.515,53.0,53.0,.525,101.0,0.0,.000,2.0,.515,103.0,2012-13,25.0,.610,41.0,46.0,11.0,NBA,457.0,Bernard James,52.0,64.0,C,131.0,12.0,DAL,18.0,131.0,
22.0,94.0,17.0,152.0,.470,141.0,78.0,.446,175.0,63.0,.328,192.0,.384,367.0,2012-13,47.0,.644,73.0,78.0,16.0,NBA,1353.0,Jae Crowder,35.0,128.0,SF,392.0,63.0,DAL,49.0,187.0,
22.0,53.0,25.0,202.0,.354,84.0,70.0,.368,190.0,14.0,.209,67.0,.327,257.0,2012-13,45.0,.818,55.0,79.0,1.0,NBA,1061.0,Draymond Green,58.0,159.0,SF,227.0,42.0,GSW,51.0,260.0,0.0
23.0,47.0,9.0,90.0,.500,72.0,36.0,.419,86.0,36.0,.383,94.0,.400,180.0,2012-13,23.0,.719,32.0,51.0,0.0,NBA,619.0,Orlando Johnson,20.0,51.0,SG,203.0,11.0,IND,29.0,110.0,
22.0,11.0,15.0,47.0,.567,42.0,41.0,.562,73.0,1.0,.500,2.0,.560,75.0,2012-13,31.0,.816,38.0,29.0,0.0,NBA,342.0,Quincy Acy,30.0,53.0,PF,116.0,13.0,TOR,17.0,77.0,
20.0,3.0,0.0,1.0,.333,4.0,4.0,.364,11.0,0.0,.000,1.0,.333,12.0,2012-13,1.0,.500,2.0,7.0,0.0,NBA,26.0,Quincy Miller,1.0,3.0,PF,9.0,1.0,DEN,1.0,2.0,
21.0,28.0,4.0,46.0,.489,62.0,48.0,.500,96.0,14.0,.311,45.0,.440,141.0,2012-13,27.0,.844,32.0,27.0,0.0,NBA,475.0,Khris Middleton,4.0,53.0,SG,165.0,15.0,DET,11.0,50.0,0.0
22.0,58.0,9.0,109.0,.396,118.0,109.0,.447,244.0,9.0,.138,65.0,.382,309.0,2012-13,50.0,.769,65.0,73.0,5.0,NBA,894.0,Will Barton,36.0,56.0,SG,295.0,34.0,POR,60.0,145.0,
22.0,21.0,0.0,16.0,.402,32.0,26.0,.351,74.0,6.0,.462,13.0,.368,87.0,2012-13,15.0,.556,27.0,38.0,0.0,NBA,221.0,Tyshawn Taylor,2.0,25.0,PG,85.0,13.0,BRK,25.0,18.0,
21.0,32.0,0.0,38.0,.411,60.0,46.0,.365,126.0,14.0,.378,37.0,.368,163.0,2012-13,20.0,.588,34.0,47.0,0.0,NBA,577.0,Doron Lamb,8.0,52.0,SG,154.0,13.0,TOT,26.0,46.0,
24.0,12.0,2.0,71.0,.476,70.0,70.0,.479,146.0,0.0,.000,1.0,.476,147.0,2012-13,43.0,.768,56.0,40.0,1.0,NBA,376.0,Mike Scott,39.0,32.0,PF,183.0,4.0,ATL,21.0,110.0,
24.0,26.0,3.0,29.0,.438,42.0,28.0,.452,62.0,14.0,.280,50.0,.375,112.0,2012-13,21.0,.724,29.0,41.0,0.0,NBA,407.0,Kim English,8.0,46.0,SG,119.0,16.0,DET,19.0,37.0,
23.0,0.0,0.0,3.0,.525,9.0,6.0,.545,11.0,3.0,.333,9.0,.450,20.0,2013-14,5.0,1.000,5.0,8.0,0.0,NBA,72.0,Justin Hamilton,4.0,8.0,C,26.0,5.0,TOT,4.0,7.0,
22.0,44.0,12.0,70.0,.509,44.0,22.0,.423,52.0,22.0,.393,56.0,.407,108.0,2012-13,8.0,1.000,8.0,52.0,2.0,NBA,694.0,Darius Miller,8.0,89.0,SF,118.0,17.0,NOH,23.0,78.0,
22.0,2.0,0.0,4.0,.268,7.0,6.0,.261,23.0,1.0,.200,5.0,.250,28.0,2012-13,0.0,,0.0,17.0,0.0,NBA,52.0,Kevin Murphy,0.0,4.0,SG,15.0,1.0,UTA,3.0,4.0,
22.0,52.0,26.0,144.0,.513,101.0,101.0,.515,196.0,0.0,.000,1.0,.513,197.0,2012-13,30.0,.667,45.0,57.0,5.0,NBA,638.0,Kyle O'Quinn,65.0,107.0,C,232.0,11.0,ORL,37.0,209.0,
24.0,1.0,0.0,6.0,.143,2.0,2.0,.182,11.0,0.0,.000,3.0,.143,14.0,2012-13,5.0,.625,8.0,10.0,0.0,NBA,54.0,Kris Joseph,1.0,3.0,SF,9.0,3.0,TOT,2.0,7.0,
23.0,1.0,0.0,3.0,.000,0.0,0.0,.000,3.0,0.0,.000,1.0,.000,4.0,2012-13,0.0,,0.0,4.0,0.0,NBA,6.0,Darius Johnson-Odom,1.0,0.0,SG,0.0,0.0,LAL,0.0,4.0,
24.0,23.0,2.0,97.0,.469,67.0,35.0,.398,88.0,32.0,.360,89.0,.379,177.0,2013-14,15.0,.938,16.0,53.0,5.0,NBA,655.0,Robbie Hummel,35.0,57.0,SF,181.0,16.0,MIN,10.0,132.0,
23.0,6.0,10.0,25.0,.375,18.0,18.0,.375,48.0,0.0,,0.0,.375,48.0,2012-13,7.0,.636,11.0,32.0,3.0,NBA,203.0,Robert Sacre,9.0,38.0,C,43.0,0.0,LAL,10.0,34.0,
20.0,17.0,8.0,106.0,.384,80.0,67.0,.390,172.0,13.0,.245,53.0,.356,225.0,2013-14,44.0,.638,69.0,52.0,0.0,NBA,663.0,Anthony Bennett,49.0,93.0,PF,217.0,21.0,CLE,47.0,155.0,
21.0,327.0,37.0,286.0,.458,392.0,318.0,.448,710.0,74.0,.327,226.0,.419,936.0,2013-14,248.0,.780,318.0,80.0,44.0,NBA,2487.0,Victor Oladipo,43.0,210.0,PG,1106.0,129.0,ORL,256.0,329.0,1.0
20.0,10.0,1.0,36.0,.385,33.0,29.0,.414,70.0,4.0,.190,21.0,.363,91.0,2013-14,8.0,.667,12.0,37.0,0.0,NBA,319.0,Otto Porter Jr.,21.0,26.0,SF,78.0,8.0,WAS,14.0,57.0,
21.0,92.0,41.0,235.0,.426,172.0,172.0,.427,403.0,0.0,.000,1.0,.426,404.0,2013-14,146.0,.730,200.0,82.0,3.0,NBA,1416.0,Cody Zeller,118.0,170.0,C,490.0,40.0,CHA,87.0,353.0,
20.0,4.0,18.0,60.0,.423,33.0,33.0,.423,78.0,0.0,,0.0,.423,78.0,2013-14,20.0,.645,31.0,42.0,3.0,NBA,362.0,Alex Len,39.0,68.0,C,86.0,4.0,PHO,26.0,99.0,
20.0,128.0,142.0,426.0,.462,302.0,302.0,.462,653.0,0.0,,0.0,.462,653.0,2014-15,140.0,.609,230.0,75.0,71.0,NBA,2311.0,Nerlens Noel,185.0,208.0,C,744.0,133.0,PHI,146.0,611.0,
20.0,82.0,18.0,182.0,.446,255.0,160.0,.419,382.0,95.0,.320,297.0,.376,679.0,2013-14,115.0,.804,143.0,82.0,55.0,NBA,2187.0,Ben McLemore,53.0,201.0,SG,720.0,45.0,SAC,96.0,235.0,
20.0,55.0,12.0,118.0,.460,182.0,123.0,.447,275.0,59.0,.319,185.0,.396,460.0,2013-14,47.0,.770,61.0,80.0,41.0,NBA,1583.0,Kentavious Caldwell-Pope,38.0,145.0,SG,470.0,75.0,DET,28.0,156.0,
21.0,396.0,6.0,171.0,.442,341.0,230.0,.410,561.0,111.0,.330,336.0,.380,897.0,2013-14,102.0,.903,113.0,70.0,68.0,NBA,2262.0,Trey Burke,37.0,145.0,PG,895.0,42.0,UTA,131.0,208.0,
22.0,27.0,2.0,41.0,.500,74.0,44.0,.449,98.0,30.0,.375,80.0,.416,178.0,2013-14,23.0,.676,34.0,38.0,0.0,NBA,476.0,CJ McCollum,7.0,53.0,SG,201.0,14.0,POR,35.0,48.0,0.0
22.0,441.0,43.0,336.0,.431,427.0,372.0,.440,846.0,55.0,.264,208.0,.405,1054.0,2013-14,258.0,.703,367.0,70.0,70.0,NBA,2414.0,Michael Carter-Williams,101.0,213.0,PG,1167.0,130.0,PHI,247.0,437.0,2.0
20.0,43.0,57.0,190.0,.503,93.0,93.0,.503,185.0,0.0,,0.0,.503,185.0,2013-14,79.0,.581,136.0,81.0,20.0,NBA,1197.0,Steven Adams,142.0,203.0,C,265.0,40.0,OKC,71.0,332.0,0.0
22.0,109.0,27.0,225.0,.506,234.0,194.0,.500,388.0,40.0,.351,114.0,.466,502.0,2013-14,99.0,.811,122.0,70.0,9.0,NBA,1400.0,Kelly Olynyk,140.0,227.0,C,607.0,35.0,BOS,106.0,365.0,
21.0,6.0,1.0,29.0,.472,57.0,54.0,.478,113.0,3.0,.273,11.0,.460,124.0,2013-14,26.0,.650,40.0,37.0,0.0,NBA,290.0,Shabazz Muhammad,24.0,24.0,SG,143.0,8.0,MIN,16.0,53.0,
21.0,71.0,1.0,31.0,.423,52.0,40.0,.404,99.0,12.0,.316,38.0,.380,137.0,2013-14,16.0,.640,25.0,48.0,0.0,NBA,489.0,Shane Larkin,11.0,46.0,PG,132.0,26.0,DAL,39.0,42.0,
22.0,68.0,15.0,105.0,.469,129.0,72.0,.456,158.0,57.0,.320,178.0,.384,336.0,2013-14,31.0,.756,41.0,77.0,12.0,NBA,1231.0,Tony Snell,19.0,84.0,SG,346.0,29.0,CHI,44.0,124.0,
24.0,39.0,50.0,197.0,.500,113.0,112.0,.496,226.0,1.0,1.000,1.0,.498,227.0,2013-14,59.0,.634,93.0,60.0,15.0,NBA,818.0,Gorgui Dieng,103.0,108.0,C,286.0,30.0,MIN,54.0,300.0,
23.0,60.0,55.0,209.0,.659,199.0,199.0,.666,299.0,0.0,.000,3.0,.659,302.0,2013-14,122.0,.626,195.0,70.0,22.0,NBA,1275.0,Mason Plumlee,99.0,171.0,C,520.0,49.0,BRK,77.0,308.0,0.0
22.0,12.0,2.0,32.0,.513,17.0,10.0,.588,17.0,7.0,.304,23.0,.425,40.0,2013-14,6.0,.857,7.0,28.0,0.0,NBA,226.0,Solomon Hill,9.0,19.0,SF,47.0,5.0,IND,13.0,41.0,
21.0,66.0,7.0,102.0,.523,294.0,164.0,.498,329.0,130.0,.363,358.0,.428,687.0,2013-14,106.0,.828,128.0,81.0,1.0,NBA,1875.0,Tim Hardaway Jr.,19.0,144.0,SG,824.0,44.0,NYK,47.0,121.0,
22.0,12.0,1.0,43.0,.446,43.0,21.0,.438,48.0,22.0,.301,73.0,.355,121.0,2013-14,7.0,.778,9.0,43.0,0.0,NBA,395.0,Reggie Bullock,11.0,26.0,SF,115.0,9.0,LAC,13.0,54.0,
22.0,15.0,10.0,58.0,.500,33.0,31.0,.564,55.0,2.0,.154,13.0,.485,68.0,2013-14,7.0,.700,10.0,40.0,16.0,NBA,399.0,Andre Roberson,36.0,74.0,SG,75.0,19.0,OKC,19.0,94.0,
19.0,20.0,11.0,62.0,.470,76.0,71.0,.542,131.0,5.0,.139,36.0,.455,167.0,2013-14,37.0,.673,55.0,52.0,0.0,NBA,533.0,Archie Goodwin,25.0,45.0,SG,194.0,20.0,PHO,44.0,87.0,
21.0,6.0,1.0,8.0,.455,12.0,6.0,.316,19.0,6.0,.429,14.0,.364,33.0,2013-14,3.0,.750,4.0,15.0,0.0,NBA,100.0,Allen Crabbe,1.0,10.0,SG,33.0,2.0,POR,3.0,9.0,
23.0,4.0,0.0,5.0,.571,7.0,5.0,.556,9.0,2.0,.400,5.0,.500,14.0,2013-14,3.0,.750,4.0,7.0,0.0,NBA,38.0,Carrick Felix,1.0,4.0,SG,19.0,0.0,CLE,4.0,6.0,
22.0,22.0,4.0,17.0,.460,31.0,13.0,.406,32.0,18.0,.327,55.0,.356,87.0,2013-14,21.0,.724,29.0,22.0,0.0,NBA,252.0,Isaiah Canaan,7.0,25.0,PG,101.0,8.0,HOU,21.0,24.0,
23.0,7.0,1.0,16.0,.365,11.0,6.0,.300,20.0,5.0,.294,17.0,.297,37.0,2013-14,5.0,.714,7.0,11.0,1.0,NBA,109.0,Glen Rice Jr.,4.0,7.0,SG,32.0,6.0,WAS,9.0,20.0,
22.0,120.0,9.0,61.0,.413,113.0,91.0,.378,241.0,22.0,.373,59.0,.377,300.0,2013-14,32.0,.744,43.0,45.0,10.0,NBA,897.0,Ray McCallum,18.0,69.0,PG,280.0,22.0,SAC,39.0,79.0,
21.0,2.0,3.0,11.0,.458,5.0,4.0,.364,11.0,1.0,1.000,1.0,.417,12.0,2013-14,11.0,.579,19.0,21.0,0.0,NBA,79.0,Tony Mitchell,15.0,9.0,PF,22.0,6.0,DET,4.0,26.0,
22.0,187.0,15.0,116.0,.460,170.0,152.0,.465,327.0,18.0,.290,62.0,.437,389.0,2013-14,59.0,.656,90.0,58.0,31.0,NBA,1309.0,Nate Wolters,33.0,67.0,PG,417.0,35.0,MIL,57.0,149.0,
23.0,26.0,50.0,101.0,.535,69.0,69.0,.539,128.0,0.0,.000,1.0,.535,129.0,2013-14,52.0,.712,73.0,58.0,4.0,NBA,684.0,Jeff Withey,49.0,73.0,C,190.0,15.0,NOP,20.0,150.0,
21.0,3.0,2.0,7.0,.288,7.0,6.0,.545,11.0,1.0,.067,15.0,.269,26.0,2014-15,1.0,1.000,1.0,8.0,0.0,NBA,51.0,Grant Jerrett,2.0,11.0,PF,16.0,2.0,TOT,3.0,9.0,
22.0,6.0,2.0,19.0,.474,16.0,11.0,.393,28.0,5.0,.455,11.0,.410,39.0,2013-14,2.0,1.000,2.0,21.0,0.0,NBA,161.0,Jamaal Franklin,4.0,23.0,SG,39.0,4.0,MEM,11.0,23.0,
25.0,19.0,0.0,8.0,.372,13.0,10.0,.357,28.0,3.0,.273,11.0,.333,39.0,2016-17,6.0,.857,7.0,8.0,1.0,NBA,84.0,Pierre Jackson,1.0,5.0,PG,35.0,2.0,DAL,3.0,9.0,
21.0,2.0,0.0,2.0,.441,6.0,3.0,.333,9.0,3.0,.375,8.0,.353,17.0,2013-14,4.0,1.000,4.0,11.0,0.0,NBA,33.0,Ricky Ledo,0.0,2.0,SG,19.0,1.0,DAL,2.0,2.0,
22.0,7.0,10.0,35.0,.425,31.0,31.0,.443,70.0,0.0,.000,3.0,.425,73.0,2013-14,14.0,1.000,14.0,20.0,0.0,NBA,215.0,Mike Muscala,17.0,29.0,PF,76.0,3.0,ATL,12.0,52.0,
23.0,39.0,0.0,24.0,.420,61.0,47.0,.409,115.0,14.0,.298,47.0,.377,162.0,2014-15,10.0,.833,12.0,43.0,1.0,NBA,410.0,Erick Green,7.0,26.0,PG,146.0,12.0,DEN,14.0,31.0,
22.0,95.0,45.0,177.0,.488,157.0,109.0,.476,229.0,48.0,.338,142.0,.423,371.0,2013-14,110.0,.815,135.0,59.0,25.0,NBA,1312.0,Ryan Kelly,42.0,147.0,PF,472.0,32.0,LAL,47.0,219.0,
23.0,2.0,4.0,6.0,.231,3.0,3.0,.300,10.0,0.0,.000,3.0,.231,13.0,2013-14,0.0,,0.0,24.0,0.0,NBA,62.0,Erik Murphy,2.0,7.0,C,6.0,0.0,CHI,2.0,8.0,
24.0,48.0,17.0,125.0,.472,101.0,70.0,.461,152.0,31.0,.326,95.0,.409,247.0,2014-15,79.0,.840,94.0,62.0,3.0,NBA,1051.0,James Ennis III,51.0,89.0,SF,312.0,25.0,MIA,39.0,176.0,
23.0,41.0,3.0,20.0,.320,26.0,23.0,.411,56.0,3.0,.100,30.0,.302,86.0,2013-14,9.0,.692,13.0,26.0,0.0,NBA,224.0,Lorenzo Brown,8.0,19.0,PG,64.0,13.0,PHI,16.0,28.0,
23.0,34.0,1.0,12.0,.377,18.0,11.0,.344,32.0,7.0,.280,25.0,.316,57.0,2013-14,11.0,.733,15.0,24.0,0.0,NBA,224.0,Peyton Siva,2.0,27.0,SG,54.0,9.0,DET,18.0,14.0,
19.0,170.0,50.0,240.0,.454,497.0,458.0,.453,1011.0,39.0,.310,126.0,.437,1137.0,2014-15,354.0,.760,466.0,82.0,82.0,NBA,2969.0,Andrew Wiggins,134.0,190.0,SF,1387.0,86.0,MIN,177.0,374.0,0.0
19.0,42.0,5.0,88.0,.498,129.0,125.0,.506,247.0,4.0,.250,16.0,.490,263.0,2014-15,46.0,.697,66.0,25.0,25.0,NBA,738.0,Jabari Parker,50.0,42.0,PF,308.0,31.0,MIL,47.0,138.0,
22.0,66.0,76.0,182.0,.508,200.0,164.0,.495,331.0,36.0,.367,98.0,.466,429.0,2016-17,191.0,.783,244.0,31.0,31.0,NBA,786.0,Joel Embiid,61.0,112.0,C,627.0,27.0,PHI,117.0,243.0,0.0
19.0,33.0,22.0,123.0,.478,93.0,80.0,.500,160.0,13.0,.271,48.0,.447,208.0,2014-15,44.0,.721,61.0,47.0,8.0,NBA,797.0,Aaron Gordon,46.0,83.0,PF,243.0,21.0,ORL,38.0,169.0,0.0
20.0,208.0,18.0,161.0,.462,175.0,84.0,.410,205.0,91.0,.335,272.0,.367,477.0,2014-15,82.0,.646,127.0,67.0,38.0,NBA,1808.0,Marcus Smart,61.0,176.0,PG,523.0,99.0,BOS,90.0,222.0,0.0
20.0,0.0,0.0,0.0,.333,1.0,1.0,.333,3.0,0.0,,0.0,.333,3.0,2014-15,0.0,.000,2.0,1.0,0.0,NBA,14.0,Julius Randle,0.0,1.0,PF,2.0,0.0,LAL,1.0,0.0,0.0
21.0,67.0,17.0,77.0,.446,108.0,60.0,.408,147.0,48.0,.322,149.0,.365,296.0,2014-15,55.0,.859,64.0,73.0,1.0,NBA,1127.0,Nik Stauskas,11.0,92.0,SG,319.0,20.0,SAC,40.0,88.0,
19.0,4.0,9.0,58.0,.428,30.0,25.0,.397,63.0,5.0,.385,13.0,.395,76.0,2014-15,18.0,.692,26.0,25.0,0.0,NBA,259.0,Noah Vonleh,28.0,20.0,PF,83.0,4.0,CHO,11.0,86.0,
20.0,533.0,20.0,242.0,.433,301.0,290.0,.435,666.0,11.0,.262,42.0,.425,708.0,2014-15,118.0,.551,214.0,82.0,63.0,NBA,2489.0,Elfrid Payton,107.0,193.0,PG,731.0,142.0,ORL,203.0,349.0,2.0
23.0,6.0,1.0,37.0,.463,43.0,30.0,.455,66.0,13.0,.317,41.0,.402,107.0,2014-15,10.0,.667,15.0,36.0,0.0,NBA,321.0,Doug McDermott,6.0,29.0,SF,109.0,4.0,CHI,17.0,43.0,
19.0,276.0,10.0,187.0,.465,286.0,229.0,.449,510.0,57.0,.341,167.0,.422,677.0,2014-15,149.0,.842,177.0,77.0,40.0,NBA,1902.0,Zach LaVine,27.0,158.0,PG,778.0,54.0,MIN,193.0,214.0,
21.0,25.0,9.0,44.0,.540,113.0,108.0,.560,193.0,5.0,.238,21.0,.528,214.0,2014-15,14.0,.737,19.0,40.0,1.0,NBA,614.0,T.J. Warren,41.0,51.0,SF,245.0,18.0,PHO,27.0,85.0,
23.0,30.0,9.0,114.0,.416,91.0,90.0,.427,211.0,1.0,.111,9.0,.414,220.0,2014-15,30.0,.652,46.0,32.0,22.0,NBA,739.0,Adreian Payne,48.0,88.0,PF,213.0,19.0,TOT,44.0,162.0,
19.0,13.0,2.0,33.0,.436,36.0,19.0,.528,36.0,17.0,.258,66.0,.353,102.0,2014-15,16.0,.552,29.0,31.0,0.0,NBA,332.0,James Young,9.0,22.0,SG,105.0,8.0,BOS,5.0,42.0,
20.0,73.0,5.0,28.0,.403,52.0,40.0,.396,101.0,12.0,.279,43.0,.361,144.0,2014-15,5.0,.714,7.0,33.0,1.0,NBA,411.0,Tyler Ennis,7.0,36.0,PG,121.0,18.0,TOT,42.0,35.0,
20.0,29.0,7.0,43.0,.353,66.0,45.0,.395,114.0,21.0,.204,103.0,.304,217.0,2014-15,35.0,.745,47.0,55.0,6.0,NBA,719.0,Gary Harris,21.0,71.0,SG,188.0,39.0,DEN,38.0,64.0,
22.0,14.0,16.0,112.0,.533,88.0,88.0,.540,163.0,0.0,.000,2.0,.533,165.0,2014-15,25.0,.625,40.0,32.0,2.0,NBA,485.0,Mitch McGary,53.0,72.0,PF,201.0,16.0,OKC,31.0,165.0,
20.0,16.0,7.0,19.0,.465,35.0,25.0,.410,61.0,10.0,.400,25.0,.407,86.0,2014-15,14.0,.609,23.0,30.0,0.0,NBA,248.0,Jordan Adams,9.0,24.0,SG,94.0,16.0,MEM,14.0,28.0,
22.0,83.0,12.0,108.0,.497,155.0,93.0,.456,204.0,62.0,.365,170.0,.414,374.0,2014-15,61.0,.763,80.0,50.0,21.0,NBA,1064.0,Rodney Hood,9.0,119.0,SG,433.0,30.0,UTA,45.0,117.0,
23.0,130.0,4.0,96.0,.476,87.0,44.0,.400,110.0,43.0,.364,118.0,.382,228.0,2014-15,44.0,.786,56.0,51.0,10.0,NBA,1012.0,Shabazz Napier,17.0,76.0,PG,261.0,40.0,MIA,81.0,113.0,0.0
22.0,21.0,13.0,70.0,.414,87.0,38.0,.358,106.0,49.0,.301,163.0,.323,269.0,2014-15,31.0,.861,36.0,45.0,2.0,NBA,687.0,P.J. Hairston,22.0,61.0,SG,254.0,21.0,CHO,22.0,92.0,
24.0,8.0,1.0,6.0,.513,16.0,9.0,.474,19.0,7.0,.368,19.0,.421,38.0,2014-15,2.0,1.000,2.0,21.0,0.0,NBA,101.0,C.J. Wilcox,1.0,7.0,SG,41.0,3.0,LAC,10.0,7.0,
24.0,0.0,2.0,8.0,.583,5.0,1.0,.167,6.0,4.0,.667,6.0,.417,12.0,2015-16,0.0,.000,4.0,5.0,0.0,NBA,55.0,Josh Huestis,2.0,3.0,PF,14.0,1.0,OKC,3.0,10.0,
21.0,28.0,7.0,67.0,.365,31.0,28.0,.359,78.0,3.0,.273,11.0,.348,89.0,2014-15,9.0,.643,14.0,33.0,8.0,NBA,358.0,Kyle Anderson,5.0,28.0,SF,74.0,15.0,SAS,10.0,72.0,0.0
21.0,72.0,70.0,135.0,.446,172.0,129.0,.454,284.0,43.0,.287,150.0,.396,434.0,2014-15,100.0,.752,133.0,62.0,15.0,NBA,1352.0,K.J. McDaniels,65.0,126.0,SG,487.0,44.0,TOT,105.0,200.0,
23.0,26.0,2.0,34.0,.529,48.0,17.0,.472,36.0,31.0,.369,84.0,.400,120.0,2014-15,9.0,.600,15.0,51.0,1.0,NBA,493.0,Joe Harris,7.0,62.0,SG,136.0,7.0,CLE,27.0,41.0,
23.0,36.0,12.0,75.0,.407,76.0,54.0,.415,130.0,22.0,.262,84.0,.355,214.0,2014-15,36.0,.750,48.0,39.0,7.0,NBA,647.0,Cleanthony Early,22.0,57.0,SF,210.0,24.0,NYK,40.0,97.0,
21.0,4.0,5.0,18.0,.568,21.0,21.0,.568,37.0,0.0,,0.0,.568,37.0,2014-15,15.0,.536,28.0,19.0,2.0,NBA,126.0,Jarnell Stokes,16.0,25.0,PF,57.0,5.0,MEM,7.0,34.0,
21.0,17.0,4.0,38.0,.367,44.0,44.0,.367,120.0,0.0,,0.0,.367,120.0,2014-15,12.0,.444,27.0,34.0,15.0,NBA,368.0,Johnny O'Bryant,26.0,44.0,PF,100.0,5.0,MIL,25.0,64.0,
21.0,104.0,6.0,44.0,.337,51.0,39.0,.375,104.0,12.0,.185,65.0,.302,169.0,2014-15,31.0,.912,34.0,34.0,1.0,NBA,455.0,Spencer Dinwiddie,4.0,53.0,PG,145.0,19.0,DET,33.0,48.0,0.0
20.0,79.0,68.0,149.0,.422,124.0,75.0,.383,196.0,49.0,.314,156.0,.352,352.0,2014-15,114.0,.591,193.0,65.0,11.0,NBA,1377.0,Jerami Grant,49.0,144.0,SF,411.0,40.0,PHI,85.0,198.0,
21.0,11.0,1.0,24.0,.425,26.0,21.0,.438,48.0,5.0,.263,19.0,.388,67.0,2014-15,16.0,.667,24.0,35.0,1.0,NBA,261.0,Glenn Robinson III,15.0,15.0,"SF,SG",73.0,6.0,TOT,11.0,39.0,
22.0,11.0,3.0,26.0,.380,26.0,21.0,.389,54.0,5.0,.238,21.0,.347,75.0,2014-15,17.0,.680,25.0,28.0,0.0,NBA,262.0,Nick Johnson,13.0,34.0,SG,74.0,7.0,HOU,19.0,39.0,
23.0,39.0,12.0,91.0,.402,76.0,59.0,.404,146.0,17.0,.266,64.0,.362,210.0,2014-15,47.0,.825,57.0,47.0,29.0,NBA,781.0,Markel Brown,16.0,57.0,SG,216.0,31.0,BRK,27.0,107.0,
23.0,9.0,6.0,32.0,.485,31.0,28.0,.500,56.0,3.0,.273,11.0,.463,67.0,2014-15,25.0,.758,33.0,29.0,0.0,NBA,236.0,Dwight Powell,18.0,40.0,PF,90.0,9.0,TOT,11.0,50.0,
22.0,206.0,12.0,135.0,.480,267.0,229.0,.482,475.0,38.0,.314,121.0,.448,596.0,2014-15,131.0,.829,158.0,59.0,38.0,NBA,1476.0,Jordan Clarkson,56.0,109.0,PG,703.0,51.0,LAL,96.0,191.0,
23.0,8.0,0.0,5.0,.360,8.0,6.0,.429,14.0,2.0,.182,11.0,.320,25.0,2014-15,12.0,.923,13.0,12.0,0.0,NBA,65.0,Russ Smith,1.0,13.0,PG,30.0,3.0,TOT,12.0,6.0,
24.0,39.0,2.0,46.0,.425,28.0,16.0,.516,31.0,12.0,.245,49.0,.350,80.0,2015-16,16.0,.727,22.0,35.0,0.0,NBA,395.0,Lamar Patterson,4.0,45.0,SG,84.0,9.0,ATL,23.0,50.0,
24.0,1.0,1.0,2.0,.214,3.0,3.0,.214,14.0,0.0,,0.0,.214,14.0,2014-15,4.0,.800,5.0,18.0,1.0,NBA,64.0,Cameron Bairstow,6.0,8.0,PF,10.0,2.0,CHI,3.0,8.0,
24.0,130.0,7.0,68.0,.372,77.0,65.0,.406,160.0,12.0,.190,63.0,.345,223.0,2016-17,17.0,.548,31.0,64.0,1.0,NBA,973.0,Semaj Christon,19.0,79.0,PG,183.0,28.0,OKC,43.0,87.0,
22.0,17.0,2.0,26.0,.364,14.0,10.0,.455,22.0,4.0,.182,22.0,.318,44.0,2014-15,5.0,.313,16.0,16.0,7.0,NBA,208.0,Devyn Marble,5.0,14.0,SG,37.0,9.0,ORL,9.0,31.0,
24.0,25.0,1.0,16.0,.500,34.0,24.0,.429,56.0,10.0,.455,22.0,.436,78.0,2015-16,21.0,.750,28.0,22.0,1.0,NBA,195.0,Jordan McRae,4.0,17.0,PG,99.0,3.0,TOT,15.0,20.0,
24.0,16.0,21.0,98.0,.455,75.0,73.0,.480,152.0,2.0,.133,15.0,.449,167.0,2014-15,31.0,.574,54.0,50.0,1.0,NBA,531.0,Cory Jefferson,47.0,61.0,PF,183.0,10.0,BRK,20.0,145.0,
20.0,161.0,138.0,629.0,.555,625.0,595.0,.559,1065.0,30.0,.341,88.0,.542,1153.0,2015-16,223.0,.811,275.0,82.0,82.0,NBA,2627.0,Karl-Anthony Towns,229.0,245.0,C,1503.0,58.0,MIN,183.0,858.0,0.0
19.0,266.0,13.0,227.0,.478,392.0,262.0,.447,586.0,130.0,.351,370.0,.410,956.0,2015-16,140.0,.737,190.0,80.0,48.0,NBA,2259.0,D'Angelo Russell,47.0,142.0,PG,1054.0,93.0,LAL,196.0,274.0,0.0
20.0,65.0,61.0,251.0,.509,397.0,396.0,.511,775.0,1.0,.167,6.0,.508,781.0,2015-16,133.0,.686,194.0,53.0,48.0,NBA,1591.0,Jahlil Okafor,122.0,140.0,C,928.0,22.0,PHI,124.0,373.0,
22.0,37.0,66.0,218.0,.563,191.0,191.0,.567,337.0,0.0,.000,2.0,.563,339.0,2015-16,81.0,.648,125.0,66.0,39.0,NBA,1412.0,Willie Cauley-Stein,134.0,146.0,C,463.0,48.0,SAC,46.0,352.0,
19.0,118.0,12.0,248.0,.428,225.0,162.0,.410,395.0,63.0,.307,205.0,.375,600.0,2015-16,80.0,.784,102.0,73.0,6.0,NBA,1687.0,Stanley Johnson,58.0,178.0,SF,593.0,55.0,DET,114.0,306.0,
22.0,98.0,43.0,266.0,.474,215.0,147.0,.455,323.0,68.0,.337,202.0,.410,525.0,2015-16,108.0,.730,148.0,81.0,3.0,NBA,1708.0,Frank Kaminsky,69.0,126.0,C,606.0,38.0,CHO,58.0,335.0,
19.0,117.0,26.0,322.0,.457,195.0,163.0,.471,346.0,32.0,.276,116.0,.422,462.0,2015-16,80.0,.684,117.0,78.0,8.0,NBA,2232.0,Justise Winslow,81.0,184.0,SF,502.0,68.0,MIA,95.0,403.0,
19.0,41.0,86.0,264.0,.501,264.0,261.0,.506,516.0,3.0,.214,14.0,.498,530.0,2015-16,88.0,.727,121.0,60.0,30.0,NBA,1367.0,Myles Turner,68.0,158.0,C,619.0,25.0,IND,67.0,332.0,
20.0,59.0,18.0,240.0,.494,191.0,142.0,.461,308.0,49.0,.383,128.0,.438,436.0,2015-16,57.0,.695,82.0,80.0,33.0,NBA,1382.0,Trey Lyles,59.0,114.0,PF,488.0,26.0,UTA,65.0,299.0,
19.0,200.0,20.0,160.0,.480,367.0,268.0,.464,578.0,99.0,.343,289.0,.423,867.0,2015-16,215.0,.840,256.0,76.0,51.0,NBA,2108.0,Devin Booker,27.0,225.0,SG,1048.0,44.0,PHO,160.0,187.0,
21.0,108.0,6.0,76.0,.475,114.0,78.0,.467,167.0,36.0,.324,111.0,.410,278.0,2015-16,19.0,.792,24.0,57.0,1.0,NBA,698.0,Cameron Payne,9.0,80.0,PG,283.0,36.0,OKC,44.0,85.0,
20.0,13.0,7.0,108.0,.486,90.0,65.0,.492,132.0,25.0,.316,79.0,.427,211.0,2015-16,31.0,.633,49.0,63.0,9.0,NBA,671.0,Kelly Oubre Jr.,25.0,100.0,SF,236.0,22.0,WAS,34.0,133.0,
21.0,37.0,1.0,39.0,.302,29.0,23.0,.291,79.0,6.0,.222,27.0,.274,106.0,2015-16,8.0,.800,10.0,39.0,0.0,NBA,311.0,Terry Rozier,24.0,23.0,PG,72.0,6.0,BOS,19.0,63.0,0.0
19.0,39.0,16.0,77.0,.385,81.0,38.0,.319,119.0,43.0,.293,147.0,.305,266.0,2015-16,12.0,.800,15.0,70.0,6.0,NBA,1001.0,Rashad Vaughn,11.0,73.0,SG,217.0,29.0,MIL,28.0,88.0,
21.0,0.0,0.0,1.0,,0.0,0.0,,0.0,0.0,,0.0,,0.0,2015-16,0.0,,0.0,3.0,0.0,NBA,6.0,Sam Dekker,0.0,0.0,PF,0.0,1.0,HOU,0.0,1.0,
23.0,177.0,10.0,120.0,.422,154.0,132.0,.454,291.0,22.0,.220,100.0,.394,391.0,2015-16,96.0,.780,123.0,76.0,6.0,NBA,1265.0,Jerian Grant,23.0,97.0,PG,426.0,50.0,NYK,87.0,143.0,
23.0,31.0,3.0,29.0,.481,36.0,31.0,.463,67.0,5.0,.385,13.0,.450,80.0,2015-16,26.0,.743,35.0,27.0,1.0,NBA,229.0,Delon Wright,8.0,7.0,PG,103.0,8.0,TOR,16.0,37.0,0.0
22.0,29.0,25.0,114.0,.469,71.0,49.0,.533,92.0,22.0,.265,83.0,.406,175.0,2015-16,44.0,.800,55.0,55.0,9.0,NBA,647.0,Justin Anderson,18.0,45.0,SF,208.0,19.0,DAL,24.0,132.0,
20.0,52.0,22.0,214.0,.445,186.0,170.0,.443,384.0,16.0,.308,52.0,.427,436.0,2015-16,48.0,.727,66.0,62.0,4.0,NBA,1102.0,Bobby Portis,123.0,100.0,PF,436.0,25.0,CHI,54.0,337.0,
21.0,43.0,16.0,115.0,.471,63.0,59.0,.476,124.0,4.0,.286,14.0,.457,138.0,2015-16,37.0,.712,52.0,29.0,17.0,NBA,615.0,Rondae Hollis-Jefferson,39.0,61.0,SF,167.0,39.0,BRK,26.0,154.0,
19.0,108.0,3.0,40.0,.410,56.0,40.0,.388,103.0,16.0,.302,53.0,.359,156.0,2015-16,28.0,.718,39.0,37.0,0.0,NBA,573.0,Tyus Jones,7.0,33.0,PG,156.0,31.0,MIN,33.0,47.0,
21.0,15.0,7.0,47.0,.466,54.0,54.0,.474,114.0,0.0,.000,2.0,.466,116.0,2015-16,45.0,.726,62.0,27.0,0.0,NBA,380.0,Jarell Martin,39.0,58.0,PF,153.0,8.0,MEM,19.0,86.0,
23.0,44.0,23.0,211.0,.528,158.0,157.0,.541,290.0,1.0,.100,10.0,.527,300.0,2015-16,32.0,.681,47.0,63.0,22.0,NBA,1266.0,Larry Nance Jr.,101.0,124.0,PF,349.0,54.0,LAL,41.0,312.0,
22.0,13.0,4.0,35.0,.464,36.0,17.0,.486,35.0,19.0,.302,63.0,.367,98.0,2015-16,6.0,.857,7.0,36.0,0.0,NBA,315.0,R.J. Hunter,2.0,29.0,SG,97.0,14.0,BOS,11.0,37.0,
20.0,9.0,12.0,43.0,.463,44.0,31.0,.413,75.0,13.0,.382,34.0,.404,109.0,2015-16,11.0,.478,23.0,24.0,4.0,NBA,362.0,Chris McCullough,25.0,39.0,PF,112.0,28.0,BRK,15.0,68.0,
19.0,0.0,0.0,6.0,.643,4.0,3.0,.600,5.0,1.0,.500,2.0,.571,7.0,2015-16,0.0,,0.0,5.0,0.0,NBA,21.0,Kevon Looney,4.0,2.0,PF,9.0,0.0,GSW,1.0,10.0,
22.0,17.0,11.0,40.0,.644,58.0,58.0,.652,89.0,0.0,.000,1.0,.644,90.0,2015-16,24.0,.522,46.0,39.0,1.0,NBA,379.0,Montrezl Harrell,25.0,48.0,PF,140.0,11.0,HOU,17.0,65.0,
21.0,1.0,11.0,7.0,.364,8.0,8.0,.364,22.0,0.0,,0.0,.364,22.0,2015-16,5.0,.500,10.0,16.0,0.0,NBA,57.0,Jordan Mickey,6.0,5.0,PF,21.0,0.0,BOS,1.0,13.0,
23.0,19.0,5.0,61.0,.389,39.0,19.0,.339,56.0,20.0,.286,70.0,.310,126.0,2015-16,17.0,.850,20.0,29.0,11.0,NBA,599.0,Anthony Brown,9.0,34.0,SF,115.0,14.0,LAL,15.0,70.0,
24.0,0.0,0.0,0.0,1.000,2.0,2.0,1.000,2.0,0.0,,0.0,1.000,2.0,2015-16,0.0,,0.0,1.0,0.0,NBA,6.0,Rakeem Christmas,1.0,1.0,PF,4.0,0.0,IND,0.0,1.0,
22.0,33.0,40.0,73.0,.532,114.0,106.0,.596,178.0,8.0,.182,44.0,.514,222.0,2015-16,51.0,.689,74.0,51.0,1.0,NBA,702.0,Richaun Holmes,62.0,92.0,PF,287.0,19.0,PHI,32.0,135.0,
22.0,27.0,1.0,40.0,.469,52.0,33.0,.407,81.0,19.0,.380,50.0,.397,131.0,2015-16,29.0,.725,40.0,38.0,2.0,NBA,383.0,Darrun Hilliard,5.0,28.0,SG,152.0,9.0,DET,19.0,45.0,
22.0,73.0,25.0,86.0,.550,123.0,70.0,.446,157.0,53.0,.461,115.0,.452,272.0,2015-16,42.0,.667,63.0,52.0,2.0,NBA,1107.0,Josh Richardson,21.0,107.0,SG,341.0,36.0,MIA,35.0,107.0,
23.0,10.0,0.0,21.0,.316,13.0,8.0,.286,28.0,5.0,.238,21.0,.265,49.0,2015-16,5.0,1.000,5.0,34.0,0.0,NBA,143.0,Pat Connaughton,11.0,6.0,SG,36.0,2.0,POR,10.0,32.0,
23.0,65.0,0.0,44.0,.396,62.0,52.0,.423,123.0,10.0,.217,46.0,.367,169.0,2015-16,20.0,.800,25.0,41.0,0.0,NBA,384.0,Joe Young,6.0,30.0,PG,154.0,15.0,IND,33.0,50.0,
22.0,198.0,21.0,113.0,.385,117.0,74.0,.363,204.0,43.0,.276,156.0,.325,360.0,2016-17,148.0,.763,194.0,72.0,18.0,NBA,1474.0,Andrew Harrison,23.0,194.0,PG,425.0,53.0,MEM,85.0,136.0,
22.0,47.0,10.0,95.0,.502,97.0,61.0,.436,140.0,36.0,.404,89.0,.424,229.0,2015-16,43.0,.811,53.0,49.0,24.0,NBA,725.0,Norman Powell,16.0,59.0,SG,273.0,29.0,TOR,32.0,111.0,
22.0,8.0,8.0,18.0,.564,22.0,22.0,.564,39.0,0.0,,0.0,.564,39.0,2017-18,11.0,.550,20.0,31.0,6.0,NBA,161.0,Dakari Johnson,16.0,27.0,C,55.0,6.0,OKC,3.0,34.0,
22.0,0.0,1.0,2.0,.400,2.0,2.0,.400,5.0,0.0,,0.0,.400,5.0,2015-16,1.0,1.000,1.0,6.0,0.0,NBA,29.0,Branden Dawson,2.0,2.0,PF,5.0,0.0,LAC,0.0,4.0,
21.0,661.0,70.0,514.0,.545,544.0,544.0,.551,987.0,0.0,.000,11.0,.545,998.0,2017-18,191.0,.560,341.0,81.0,81.0,NBA,2732.0,Ben Simmons,145.0,211.0,PG,1279.0,140.0,PHI,278.0,659.0,12.0
19.0,166.0,36.0,256.0,.442,276.0,221.0,.443,499.0,55.0,.294,187.0,.402,686.0,2016-17,133.0,.621,214.0,79.0,40.0,NBA,2279.0,Brandon Ingram,60.0,158.0,SF,740.0,50.0,LAL,116.0,316.0,
20.0,64.0,18.0,175.0,.508,192.0,146.0,.507,288.0,46.0,.341,135.0,.454,423.0,2016-17,85.0,.685,124.0,78.0,20.0,NBA,1341.0,Jaylen Brown,45.0,142.0,SF,515.0,35.0,BOS,68.0,220.0,0.0
22.0,188.0,36.0,142.0,.411,118.0,97.0,.404,240.0,21.0,.288,73.0,.377,313.0,2016-17,36.0,.610,59.0,78.0,7.0,NBA,1333.0,Kris Dunn,24.0,178.0,PG,293.0,78.0,MIN,89.0,166.0,
24.0,121.0,9.0,234.0,.523,327.0,179.0,.461,388.0,148.0,.391,379.0,.426,767.0,2016-17,64.0,.842,76.0,82.0,55.0,NBA,1888.0,Buddy Hield,35.0,115.0,SG,866.0,38.0,TOT,101.0,269.0,
19.0,170.0,24.0,173.0,.483,295.0,180.0,.466,386.0,115.0,.334,344.0,.404,730.0,2016-17,106.0,.883,120.0,82.0,10.0,NBA,1764.0,Jamal Murray,41.0,124.0,SG,811.0,51.0,DEN,113.0,214.0,
19.0,60.0,70.0,252.0,.506,284.0,212.0,.520,408.0,72.0,.321,224.0,.449,632.0,2016-17,113.0,.624,181.0,82.0,75.0,NBA,1743.0,Marquese Chriss,96.0,263.0,PF,753.0,67.0,PHO,108.0,348.0,
21.0,12.0,20.0,87.0,.583,67.0,67.0,.583,115.0,0.0,,0.0,.583,115.0,2016-17,31.0,.544,57.0,54.0,4.0,NBA,626.0,Jakob Poeltl,78.0,113.0,C,165.0,17.0,TOR,29.0,165.0,
20.0,82.0,32.0,242.0,.452,192.0,141.0,.438,322.0,51.0,.321,159.0,.399,481.0,2016-17,44.0,.657,67.0,81.0,66.0,NBA,1632.0,Domantas Sabonis,46.0,200.0,PF,479.0,39.0,OKC,83.0,288.0,0.0
22.0,55.0,27.0,132.0,.458,114.0,81.0,.443,183.0,33.0,.324,102.0,.400,285.0,2016-17,74.0,.787,94.0,59.0,10.0,NBA,981.0,Taurean Prince,25.0,96.0,SF,335.0,43.0,ATL,61.0,157.0,
23.0,63.0,7.0,140.0,.481,102.0,29.0,.363,80.0,73.0,.351,208.0,.354,288.0,2016-17,14.0,.778,18.0,57.0,0.0,NBA,976.0,Denzel Valentine,11.0,86.0,SG,291.0,30.0,CHI,49.0,151.0,
20.0,61.0,7.0,35.0,.326,36.0,33.0,.355,93.0,3.0,.136,22.0,.313,115.0,2016-17,31.0,.838,37.0,33.0,1.0,NBA,405.0,Wade Baldwin,11.0,40.0,PG,106.0,18.0,MEM,39.0,46.0,
20.0,7.0,1.0,33.0,.438,23.0,13.0,.448,29.0,10.0,.286,35.0,.359,64.0,2016-17,4.0,.500,8.0,19.0,2.0,NBA,146.0,Henry Ellenson,8.0,6.0,PF,60.0,1.0,DET,14.0,41.0,
20.0,11.0,0.0,12.0,.514,33.0,24.0,.533,45.0,9.0,.321,28.0,.452,73.0,2016-17,8.0,.800,10.0,22.0,1.0,NBA,165.0,Malik Beasley,5.0,10.0,SG,83.0,7.0,DEN,8.0,17.0,
22.0,110.0,8.0,165.0,.528,171.0,112.0,.571,196.0,59.0,.321,184.0,.450,380.0,2016-17,67.0,.720,93.0,57.0,26.0,NBA,1237.0,Caris LeVert,23.0,91.0,SF,468.0,49.0,BRK,59.0,188.0,0.0
22.0,28.0,5.0,45.0,.485,47.0,46.0,.575,80.0,1.0,.056,18.0,.480,98.0,2016-17,6.0,.375,16.0,38.0,1.0,NBA,371.0,DeAndre' Bembry,14.0,21.0,SF,101.0,8.0,ATL,16.0,59.0,
21.0,11.0,1.0,20.0,.471,28.0,20.0,.500,40.0,8.0,.286,28.0,.412,68.0,2016-17,15.0,.789,19.0,22.0,0.0,NBA,198.0,Malachi Richardson,3.0,23.0,SG,79.0,5.0,SAC,8.0,23.0,
22.0,1.0,1.0,2.0,.286,2.0,2.0,.286,7.0,0.0,,0.0,.286,7.0,2016-17,0.0,,0.0,3.0,0.0,NBA,9.0,Brice Johnson,1.0,0.0,PF,4.0,2.0,LAC,1.0,3.0,
22.0,17.0,45.0,121.0,.505,103.0,102.0,.515,198.0,1.0,.143,7.0,.502,205.0,2016-17,22.0,.688,32.0,55.0,38.0,NBA,859.0,Pascal Siakam,64.0,109.0,PF,229.0,26.0,TOR,33.0,185.0,0.0
20.0,27.0,13.0,111.0,.544,117.0,114.0,.543,210.0,3.0,.375,8.0,.537,218.0,2016-17,52.0,.703,74.0,33.0,12.0,NBA,612.0,Skal Labissière,51.0,64.0,PF,289.0,16.0,SAC,37.0,162.0,
20.0,48.0,6.0,36.0,.470,50.0,41.0,.441,93.0,9.0,.391,23.0,.431,116.0,2016-17,21.0,.700,30.0,38.0,8.0,NBA,322.0,Dejounte Murray,6.0,29.0,PG,130.0,8.0,SAS,38.0,42.0,0.0
21.0,0.0,4.0,14.0,.500,8.0,8.0,.500,16.0,0.0,,0.0,.500,16.0,2016-17,3.0,.300,10.0,10.0,0.0,NBA,85.0,Damian Jones,9.0,15.0,C,19.0,1.0,GSW,6.0,23.0,
20.0,2.0,17.0,40.0,.511,24.0,24.0,.511,47.0,0.0,,0.0,.511,47.0,2016-17,10.0,.556,18.0,36.0,0.0,NBA,238.0,Deyonta Davis,20.0,40.0,C,58.0,3.0,MEM,8.0,60.0,
20.0,4.0,7.0,50.0,.474,36.0,36.0,.474,76.0,0.0,,0.0,.474,76.0,2016-17,15.0,.714,21.0,17.0,0.0,NBA,199.0,Cheick Diallo,23.0,17.0,PF,87.0,4.0,NOP,7.0,73.0,
21.0,226.0,5.0,75.0,.445,184.0,163.0,.455,358.0,21.0,.266,79.0,.421,437.0,2016-17,55.0,.775,71.0,61.0,15.0,NBA,1123.0,Tyler Ulis,20.0,73.0,PG,444.0,48.0,PHO,77.0,95.0,
24.0,317.0,12.0,166.0,.518,290.0,212.0,.480,442.0,78.0,.404,193.0,.457,635.0,2016-17,109.0,.865,126.0,75.0,28.0,NBA,1982.0,Malcolm Brogdon,47.0,140.0,SG,767.0,84.0,MIL,113.0,213.0,1.0
20.0,3.0,1.0,8.0,.714,5.0,5.0,.714,7.0,0.0,,0.0,.714,7.0,2016-17,4.0,1.000,4.0,5.0,1.0,NBA,52.0,Chinanu Onuaku,2.0,6.0,C,14.0,3.0,HOU,4.0,10.0,
21.0,77.0,15.0,79.0,.516,106.0,65.0,.533,122.0,41.0,.333,123.0,.433,245.0,2016-17,29.0,.784,37.0,71.0,20.0,NBA,1074.0,Patrick McCaw,21.0,62.0,SG,282.0,32.0,GSW,36.0,100.0,
19.0,0.0,1.0,5.0,.231,3.0,3.0,.231,13.0,0.0,,0.0,.231,13.0,2016-17,4.0,1.000,4.0,7.0,0.0,NBA,24.0,Diamond Stone,1.0,5.0,C,10.0,0.0,LAC,2.0,6.0,
20.0,4.0,5.0,24.0,.323,10.0,10.0,.323,31.0,0.0,,0.0,.323,31.0,2016-17,3.0,.600,5.0,19.0,0.0,NBA,108.0,Stephen Zimmerman,11.0,17.0,C,23.0,2.0,ORL,3.0,35.0,
21.0,192.0,36.0,152.0,.445,204.0,160.0,.446,359.0,44.0,.295,149.0,.402,508.0,2016-17,91.0,.805,113.0,73.0,26.0,NBA,1643.0,Isaiah Whitehead,32.0,175.0,PG,543.0,42.0,BRK,142.0,184.0,
22.0,3.0,0.0,2.0,.875,3.0,2.0,.667,3.0,1.0,1.000,1.0,.750,4.0,2016-17,3.0,.500,6.0,5.0,0.0,NBA,17.0,Demetrius Jackson,2.0,0.0,PG,10.0,0.0,BOS,0.0,4.0,
24.0,4.0,13.0,28.0,.464,17.0,12.0,.375,32.0,5.0,.500,10.0,.405,42.0,2016-17,9.0,.450,20.0,22.0,0.0,NBA,163.0,A.J. Hammons,8.0,21.0,C,48.0,1.0,DAL,10.0,36.0,
22.0,11.0,3.0,18.0,.365,26.0,13.0,.342,38.0,13.0,.255,51.0,.292,89.0,2016-17,13.0,.765,17.0,35.0,1.0,NBA,249.0,Jake Layman,6.0,22.0,SF,78.0,9.0,POR,11.0,24.0,
24.0,2.0,0.0,1.0,.100,1.0,1.0,.167,6.0,0.0,.000,4.0,.100,10.0,2016-17,2.0,1.000,2.0,9.0,0.0,NBA,32.0,Michael Gbinije,2.0,2.0,SG,4.0,0.0,DET,0.0,3.0,
23.0,5.0,0.0,15.0,.264,9.0,8.0,.333,24.0,1.0,.083,12.0,.250,36.0,2016-17,2.0,1.000,2.0,23.0,0.0,NBA,93.0,Georges Niang,2.0,6.0,PF,21.0,3.0,IND,5.0,17.0,
21.0,0.0,0.0,2.0,.000,0.0,0.0,.000,2.0,0.0,.000,1.0,.000,3.0,2016-17,0.0,,0.0,3.0,0.0,NBA,10.0,Ben Bentil,0.0,1.0,PF,0.0,0.0,DAL,1.0,2.0,
23.0,2.0,2.0,13.0,.594,9.0,8.0,.667,12.0,1.0,.250,4.0,.563,16.0,2016-17,3.0,.500,6.0,12.0,0.0,NBA,53.0,Joel Bolomboy,4.0,1.0,PF,22.0,1.0,UTA,2.0,17.0,
21.0,58.0,7.0,38.0,.415,62.0,55.0,.404,136.0,7.0,.318,22.0,.392,158.0,2016-17,35.0,.714,49.0,42.0,0.0,NBA,386.0,Kay Felder,3.0,38.0,PG,166.0,18.0,CLE,30.0,41.0,
24.0,3.0,0.0,4.0,.357,4.0,2.0,.333,6.0,2.0,.250,8.0,.286,14.0,2017-18,2.0,1.000,2.0,5.0,0.0,NBA,28.0,Marcus Paige,0.0,0.0,PG,12.0,0.0,CHO,0.0,4.0,
22.0,8.0,0.0,5.0,.545,5.0,3.0,.500,6.0,2.0,.400,5.0,.455,11.0,2017-18,0.0,,0.0,6.0,0.0,NBA,28.0,Daniel Hamilton,0.0,2.0,SG,12.0,1.0,OKC,2.0,5.0,
24.0,26.0,10.0,58.0,.413,50.0,27.0,.321,84.0,23.0,.354,65.0,.336,149.0,2017-18,23.0,.590,39.0,48.0,1.0,NBA,522.0,Abdel Nader,13.0,45.0,SF,146.0,15.0,BOS,34.0,71.0,
23.0,71.0,13.0,84.0,.466,110.0,100.0,.483,207.0,10.0,.250,40.0,.445,247.0,2017-18,61.0,.782,78.0,30.0,19.0,NBA,851.0,Tyrone Wallace,21.0,83.0,PG,291.0,27.0,LAC,46.0,105.0,
19.0,53.0,4.0,32.0,.405,45.0,45.0,.409,110.0,0.0,.000,1.0,.405,111.0,2017-18,10.0,.476,21.0,14.0,0.0,NBA,253.0,Markelle Fultz,11.0,22.0,SG,100.0,12.0,PHI,17.0,43.0,1.0
20.0,376.0,43.0,291.0,.440,203.0,113.0,.420,269.0,90.0,.305,295.0,.360,564.0,2017-18,32.0,.451,71.0,52.0,50.0,NBA,1780.0,Lonzo Ball,69.0,117.0,PG,528.0,88.0,LAL,136.0,360.0,2.0
19.0,128.0,58.0,352.0,.538,397.0,292.0,.492,593.0,105.0,.434,242.0,.475,835.0,2017-18,213.0,.826,258.0,80.0,80.0,NBA,2443.0,Jayson Tatum,50.0,170.0,SF,1112.0,83.0,BOS,114.0,402.0,0.0
20.0,119.0,35.0,256.0,.448,389.0,332.0,.464,715.0,57.0,.263,217.0,.417,932.0,2017-18,177.0,.634,279.0,77.0,35.0,NBA,1959.0,Josh Jackson,95.0,218.0,SF,1012.0,80.0,PHO,146.0,351.0,
20.0,320.0,20.0,171.0,.441,328.0,281.0,.436,644.0,47.0,.307,153.0,.412,797.0,2017-18,141.0,.723,195.0,73.0,60.0,NBA,2026.0,De'Aaron Fox,33.0,163.0,PG,844.0,70.0,SAC,173.0,204.0,0.0
20.0,18.0,30.0,83.0,.434,55.0,39.0,.394,99.0,16.0,.348,46.0,.379,145.0,2017-18,19.0,.760,25.0,27.0,10.0,NBA,536.0,Jonathan Isaac,16.0,48.0,PF,145.0,33.0,ORL,27.0,99.0,
20.0,79.0,40.0,429.0,.518,374.0,229.0,.497,461.0,145.0,.362,401.0,.434,862.0,2017-18,140.0,.843,166.0,68.0,68.0,NBA,2020.0,Lauri Markkanen,79.0,103.0,PF,1033.0,39.0,CHI,83.0,508.0,
20.0,358.0,18.0,210.0,.446,404.0,298.0,.435,685.0,106.0,.313,339.0,.395,1024.0,2017-18,134.0,.694,193.0,69.0,69.0,NBA,2049.0,Dennis Smith Jr.,50.0,152.0,PG,1048.0,71.0,DAL,194.0,260.0,1.0
20.0,52.0,31.0,176.0,.458,115.0,80.0,.455,176.0,35.0,.310,113.0,.398,289.0,2017-18,27.0,.643,42.0,66.0,1.0,NBA,1045.0,Zach Collins,45.0,133.0,C,292.0,17.0,POR,58.0,221.0,
19.0,91.0,9.0,58.0,.458,153.0,70.0,.385,182.0,83.0,.342,243.0,.360,425.0,2017-18,32.0,.842,38.0,63.0,0.0,NBA,854.0,Malik Monk,8.0,60.0,SG,421.0,20.0,CHO,49.0,66.0,
21.0,124.0,13.0,155.0,.530,206.0,125.0,.463,270.0,81.0,.415,195.0,.443,465.0,2017-18,65.0,.855,76.0,73.0,9.0,NBA,1463.0,Luke Kennard,21.0,86.0,SG,558.0,44.0,DET,69.0,176.0,
21.0,291.0,27.0,244.0,.506,595.0,408.0,.502,812.0,187.0,.340,550.0,.437,1362.0,2017-18,239.0,.805,297.0,79.0,71.0,NBA,2638.0,Donovan Mitchell,52.0,213.0,SG,1616.0,118.0,UTA,215.0,296.0,
20.0,101.0,41.0,263.0,.512,174.0,174.0,.523,333.0,0.0,.000,7.0,.512,340.0,2017-18,129.0,.721,179.0,69.0,19.0,NBA,1368.0,Bam Adebayo,118.0,138.0,C,477.0,32.0,MIA,66.0,381.0,0.0
22.0,74.0,13.0,160.0,.510,185.0,128.0,.547,234.0,57.0,.308,185.0,.442,419.0,2017-18,26.0,.722,36.0,68.0,41.0,NBA,1506.0,Justin Jackson,27.0,81.0,SF,453.0,28.0,SAC,40.0,187.0,
20.0,0.0,0.0,0.0,.500,1.0,1.0,.500,2.0,0.0,,0.0,.500,2.0,2017-18,0.0,,0.0,1.0,0.0,NBA,4.0,Justin Patton,0.0,1.0,C,2.0,1.0,MIN,0.0,0.0,
21.0,3.0,1.0,8.0,.625,9.0,7.0,.636,11.0,2.0,.400,5.0,.563,16.0,2017-18,1.0,.500,2.0,22.0,0.0,NBA,71.0,D.J. Wilson,2.0,7.0,PF,21.0,3.0,MIL,4.0,10.0,
20.0,9.0,4.0,53.0,.537,64.0,46.0,.489,94.0,18.0,.429,42.0,.471,136.0,2017-18,10.0,.625,16.0,53.0,0.0,NBA,459.0,T.J. Leaf,29.0,45.0,PF,156.0,5.0,IND,10.0,82.0,
20.0,98.0,80.0,365.0,.591,314.0,298.0,.598,498.0,16.0,.340,47.0,.576,545.0,2017-18,133.0,.715,186.0,74.0,26.0,NBA,1785.0,John Collins,176.0,215.0,PF,777.0,47.0,ATL,105.0,541.0,
20.0,85.0,22.0,156.0,.503,175.0,175.0,.512,342.0,0.0,.000,6.0,.503,348.0,2018-19,58.0,.637,91.0,58.0,0.0,NBA,820.0,Harry Giles,66.0,150.0,PF,408.0,31.0,SAC,73.0,222.0,
19.0,49.0,88.0,244.0,.596,234.0,229.0,.599,382.0,5.0,.333,15.0,.589,397.0,2017-18,114.0,.776,147.0,72.0,31.0,NBA,1441.0,Jarrett Allen,144.0,147.0,C,587.0,28.0,BRK,82.0,388.0,
20.0,55.0,14.0,140.0,.577,163.0,90.0,.604,149.0,73.0,.371,197.0,.471,346.0,2017-18,39.0,.629,62.0,74.0,62.0,NBA,1481.0,OG Anunoby,44.0,130.0,SF,438.0,52.0,TOR,45.0,184.0,
21.0,0.0,0.0,0.0,,0.0,0.0,,0.0,0.0,,0.0,,0.0,2017-18,0.0,,0.0,1.0,0.0,NBA,2.0,Tyler Lydon,0.0,0.0,PF,0.0,0.0,DEN,0.0,0.0,
20.0,14.0,3.0,39.0,.408,24.0,23.0,.442,52.0,1.0,.125,8.0,.400,60.0,2017-18,12.0,.667,18.0,27.0,3.0,NBA,189.0,Caleb Swanigan,15.0,37.0,PF,61.0,5.0,POR,18.0,54.0,
22.0,141.0,34.0,395.0,.527,468.0,309.0,.511,605.0,159.0,.366,434.0,.450,1039.0,2017-18,147.0,.707,208.0,77.0,37.0,NBA,2401.0,Kyle Kuzma,88.0,160.0,PF,1242.0,49.0,LAL,140.0,483.0,0.0
20.0,1.0,0.0,7.0,.273,3.0,3.0,.300,10.0,0.0,.000,1.0,.273,11.0,2017-18,2.0,1.000,2.0,9.0,0.0,NBA,29.0,Tony Bradley,4.0,1.0,C,8.0,0.0,UTA,0.0,11.0,
23.0,9.0,3.0,21.0,.606,16.0,8.0,.400,20.0,8.0,.615,13.0,.485,33.0,2017-18,14.0,.700,20.0,17.0,0.0,NBA,139.0,Derrick White,5.0,8.0,PG,54.0,4.0,SAS,6.0,26.0,
22.0,80.0,16.0,221.0,.573,176.0,98.0,.551,178.0,78.0,.396,197.0,.469,375.0,2017-18,66.0,.702,94.0,63.0,23.0,NBA,1461.0,Josh Hart,42.0,107.0,SG,496.0,47.0,LAL,47.0,263.0,
20.0,69.0,2.0,109.0,.493,194.0,141.0,.507,278.0,53.0,.314,169.0,.434,447.0,2018-19,54.0,.740,73.0,61.0,16.0,NBA,1169.0,Frank Jackson,25.0,92.0,PG,495.0,25.0,NOP,48.0,134.0,
22.0,13.0,2.0,37.0,.362,22.0,11.0,.289,38.0,11.0,.289,38.0,.289,76.0,2017-18,8.0,.667,12.0,21.0,1.0,NBA,242.0,Davon Reed,2.0,17.0,SG,63.0,10.0,PHO,10.0,39.0,
23.0,57.0,12.0,101.0,.447,93.0,84.0,.488,172.0,9.0,.196,46.0,.427,218.0,2017-18,34.0,.723,47.0,62.0,12.0,NBA,1020.0,Wes Iwundu,36.0,81.0,SF,229.0,33.0,ORL,30.0,137.0,
23.0,147.0,10.0,100.0,.420,144.0,113.0,.384,294.0,31.0,.360,86.0,.379,380.0,2017-18,94.0,.817,115.0,52.0,2.0,NBA,984.0,Frank Mason III,30.0,72.0,PG,413.0,34.0,SAC,65.0,130.0,
20.0,32.0,13.0,105.0,.566,86.0,86.0,.566,152.0,0.0,,0.0,.566,152.0,2017-18,29.0,.806,36.0,36.0,5.0,NBA,516.0,Ivan Rabb,53.0,55.0,PF,201.0,12.0,MEM,35.0,158.0,
23.0,20.0,4.0,124.0,.452,65.0,25.0,.397,63.0,40.0,.320,125.0,.346,188.0,2017-18,25.0,.610,41.0,73.0,0.0,NBA,1150.0,Semi Ojeleye,37.0,91.0,PF,195.0,21.0,BOS,25.0,161.0,
23.0,102.0,56.0,147.0,.627,116.0,116.0,.641,181.0,0.0,.000,4.0,.627,185.0,2017-18,30.0,.682,44.0,57.0,13.0,NBA,809.0,Jordan Bell,60.0,92.0,C,262.0,35.0,GSW,51.0,207.0,
21.0,100.0,6.0,75.0,.381,89.0,74.0,.372,199.0,15.0,.278,54.0,.352,253.0,2017-18,38.0,.776,49.0,48.0,4.0,NBA,778.0,Jawun Evans,9.0,97.0,PG,231.0,36.0,LAC,44.0,84.0,
22.0,38.0,2.0,120.0,.404,72.0,61.0,.409,149.0,11.0,.256,43.0,.375,192.0,2017-18,20.0,.800,25.0,53.0,6.0,NBA,713.0,Dwayne Bacon,4.0,46.0,SG,175.0,16.0,CHO,23.0,124.0,
21.0,79.0,5.0,113.0,.471,144.0,72.0,.393,183.0,72.0,.362,199.0,.377,382.0,2017-18,45.0,.714,63.0,56.0,5.0,NBA,974.0,Tyler Dorsey,17.0,63.0,SG,405.0,17.0,ATL,37.0,130.0,
20.0,6.0,2.0,14.0,.405,8.0,7.0,.636,11.0,1.0,.100,10.0,.381,21.0,2017-18,5.0,.556,9.0,15.0,0.0,NBA,72.0,Thomas Bryant,3.0,6.0,C,22.0,1.0,LAL,2.0,17.0,
23.0,31.0,2.0,75.0,.516,72.0,50.0,.538,93.0,22.0,.324,68.0,.447,161.0,2017-18,16.0,.696,23.0,44.0,2.0,NBA,474.0,Damyean Dotson,9.0,34.0,SG,182.0,12.0,NYK,17.0,84.0,
22.0,135.0,17.0,208.0,.501,340.0,246.0,.484,508.0,94.0,.356,264.0,.440,772.0,2017-18,124.0,.747,166.0,82.0,74.0,NBA,2350.0,Dillon Brooks,49.0,233.0,SF,898.0,73.0,MEM,124.0,257.0,
22.0,25.0,13.0,116.0,.478,82.0,50.0,.439,114.0,32.0,.352,91.0,.400,205.0,2017-18,21.0,.875,24.0,54.0,4.0,NBA,776.0,Sterling Brown,27.0,80.0,SG,217.0,31.0,MIL,25.0,143.0,
19.0,0.0,3.0,4.0,.444,4.0,4.0,.444,9.0,0.0,,0.0,.444,9.0,2017-18,5.0,.833,6.0,11.0,0.0,NBA,30.0,Ike Anigbogu,5.0,1.0,C,13.0,1.0,IND,2.0,9.0,
23.0,68.0,25.0,107.0,.479,100.0,77.0,.448,172.0,23.0,.377,61.0,.429,233.0,2017-18,59.0,.670,88.0,73.0,17.0,NBA,1156.0,Sindarius Thornwell,33.0,125.0,SG,282.0,48.0,LAC,53.0,140.0,
22.0,7.0,0.0,2.0,.667,4.0,4.0,.800,5.0,0.0,.000,1.0,.667,6.0,2017-18,2.0,1.000,2.0,3.0,0.0,NBA,25.0,Monte Morris,0.0,1.0,PG,10.0,3.0,DEN,1.0,2.0,
22.0,0.0,0.0,1.0,1.000,1.0,1.0,1.000,1.0,0.0,,0.0,1.000,1.0,2017-18,0.0,,0.0,1.0,0.0,NBA,2.0,Edmond Sumner,0.0,1.0,PG,2.0,0.0,IND,0.0,1.0,
25.0,12.0,2.0,7.0,.273,6.0,6.0,.545,11.0,0.0,.000,11.0,.273,22.0,2017-18,7.0,.778,9.0,18.0,1.0,NBA,107.0,Kadeem Allen,4.0,15.0,PG,19.0,3.0,BOS,9.0,11.0,
22.0,12.0,2.0,29.0,.500,28.0,10.0,.625,16.0,18.0,.310,58.0,.378,74.0,2017-18,8.0,.800,10.0,20.0,0.0,NBA,225.0,Alec Peters,8.0,13.0,PF,82.0,2.0,PHO,4.0,37.0,
25.0,6.0,1.0,4.0,.375,5.0,3.0,.333,9.0,2.0,.286,7.0,.313,16.0,2019-20,2.0,1.000,2.0,10.0,0.0,NBA,50.0,Nigel Williams-Goss,2.0,6.0,PG,14.0,3.0,UTA,3.0,6.0,
23.0,8.0,1.0,13.0,.635,15.0,12.0,.632,19.0,3.0,.429,7.0,.577,26.0,2017-18,6.0,.462,13.0,13.0,1.0,NBA,115.0,Jabari Bird,6.0,7.0,SG,39.0,3.0,BOS,8.0,19.0,
25.0,13.0,8.0,72.0,.491,47.0,37.0,.552,67.0,10.0,.256,39.0,.443,106.0,2018-19,10.0,.769,13.0,27.0,4.0,NBA,439.0,Jaron Blossomgame,26.0,20.0,SF,114.0,7.0,CLE,11.0,98.0,
20.0,125.0,67.0,506.0,.585,509.0,509.0,.588,866.0,0.0,.000,4.0,.585,870.0,2018-19,141.0,.746,189.0,71.0,70.0,NBA,2183.0,Deandre Ayton,223.0,209.0,C,1159.0,61.0,PHO,126.0,729.0,
19.0,62.0,59.0,309.0,.525,356.0,326.0,.534,610.0,30.0,.313,96.0,.504,706.0,2018-19,181.0,.691,262.0,62.0,4.0,NBA,1567.0,Marvin Bagley III,162.0,120.0,PF,923.0,33.0,SAC,98.0,471.0,
19.0,64.0,82.0,199.0,.549,298.0,247.0,.553,447.0,51.0,.359,142.0,.506,589.0,2018-19,151.0,.766,197.0,58.0,56.0,NBA,1515.0,Jaren Jackson Jr.,73.0,220.0,PF,798.0,52.0,MEM,98.0,272.0,
20.0,653.0,15.0,237.0,.480,525.0,369.0,.477,774.0,156.0,.324,482.0,.418,1256.0,2018-19,343.0,.829,414.0,81.0,81.0,NBA,2503.0,Trae Young,64.0,140.0,PG,1549.0,72.0,ATL,308.0,301.0,1.0
20.0,39.0,64.0,169.0,.525,117.0,96.0,.555,173.0,21.0,.300,70.0,.481,243.0,2018-19,37.0,.587,63.0,47.0,1.0,NBA,766.0,Mo Bamba,64.0,102.0,C,292.0,13.0,ORL,43.0,233.0,
19.0,78.0,58.0,220.0,.493,180.0,174.0,.513,339.0,6.0,.188,32.0,.485,371.0,2018-19,89.0,.795,112.0,44.0,44.0,NBA,1110.0,Wendell Carter Jr.,87.0,152.0,C,455.0,26.0,CHI,65.0,307.0,
20.0,243.0,6.0,179.0,.480,519.0,400.0,.440,910.0,119.0,.402,296.0,.430,1206.0,2018-19,214.0,.839,255.0,82.0,72.0,NBA,2605.0,Collin Sexton,57.0,186.0,PG,1371.0,44.0,CLE,185.0,236.0,
19.0,82.0,24.0,274.0,.438,338.0,213.0,.387,550.0,125.0,.343,364.0,.370,914.0,2018-19,162.0,.717,226.0,75.0,57.0,NBA,2158.0,Kevin Knox,61.0,175.0,PF,963.0,43.0,NYK,114.0,335.0,
22.0,173.0,38.0,208.0,.523,242.0,137.0,.548,250.0,105.0,.335,313.0,.430,563.0,2018-19,95.0,.805,118.0,82.0,56.0,NBA,2417.0,Mikal Bridges,56.0,201.0,SF,684.0,129.0,PHO,70.0,264.0,
20.0,270.0,45.0,175.0,.512,341.0,290.0,.503,577.0,51.0,.367,139.0,.476,716.0,2018-19,156.0,.800,195.0,82.0,73.0,NBA,2174.0,Shai Gilgeous-Alexander,57.0,175.0,PG,889.0,96.0,LAC,141.0,232.0,0.0
20.0,95.0,49.0,256.0,.527,237.0,172.0,.553,311.0,65.0,.325,200.0,.464,511.0,2018-19,58.0,.753,77.0,80.0,25.0,NBA,1696.0,Miles Bridges,67.0,111.0,SF,597.0,55.0,CHO,50.0,323.0,
21.0,19.0,3.0,38.0,.482,44.0,26.0,.491,53.0,18.0,.316,57.0,.400,110.0,2018-19,6.0,.667,9.0,33.0,0.0,NBA,320.0,Jerome Robinson,3.0,46.0,SG,112.0,11.0,LAC,13.0,41.0,
21.0,46.0,25.0,193.0,.590,195.0,133.0,.564,236.0,62.0,.422,147.0,.509,383.0,2019-20,60.0,.833,72.0,55.0,8.0,NBA,903.0,Michael Porter Jr.,66.0,100.0,SF,512.0,27.0,DEN,49.0,259.0,
19.0,80.0,5.0,110.0,.462,97.0,75.0,.455,165.0,22.0,.319,69.0,.415,234.0,2018-19,32.0,.681,47.0,52.0,10.0,NBA,730.0,Troy Brown Jr.,35.0,56.0,SF,248.0,21.0,WAS,30.0,145.0,
19.0,10.0,2.0,10.0,.500,14.0,8.0,.444,18.0,6.0,.375,16.0,.412,34.0,2018-19,6.0,.750,8.0,6.0,2.0,NBA,111.0,Zhaire Smith,3.0,8.0,SG,40.0,2.0,PHI,6.0,13.0,
22.0,31.0,6.0,49.0,.492,50.0,28.0,.683,41.0,22.0,.265,83.0,.403,124.0,2018-19,9.0,.750,12.0,27.0,0.0,NBA,411.0,Donte DiVincenzo,16.0,38.0,SG,131.0,13.0,MIL,19.0,65.0,
20.0,9.0,3.0,17.0,.402,16.0,11.0,.333,33.0,5.0,.385,13.0,.348,46.0,2018-19,8.0,.800,10.0,17.0,0.0,NBA,118.0,Lonnie Walker IV,0.0,7.0,SG,45.0,7.0,SAS,4.0,17.0,
20.0,214.0,25.0,185.0,.522,275.0,139.0,.457,304.0,136.0,.385,353.0,.419,657.0,2018-19,41.0,.732,56.0,75.0,59.0,NBA,2048.0,Kevin Huerter,60.0,155.0,SG,727.0,65.0,ATL,109.0,245.0,
20.0,91.0,33.0,177.0,.445,196.0,136.0,.464,293.0,60.0,.279,215.0,.386,508.0,2018-19,118.0,.728,162.0,74.0,52.0,NBA,1757.0,Josh Okogie,41.0,166.0,SG,570.0,88.0,MIN,63.0,218.0,
23.0,25.0,6.0,20.0,.466,67.0,35.0,.443,79.0,32.0,.323,99.0,.376,178.0,2018-19,45.0,.750,60.0,38.0,2.0,NBA,416.0,Grayson Allen,3.0,47.0,SG,211.0,6.0,UTA,33.0,23.0,
22.0,34.0,6.0,154.0,.493,96.0,82.0,.516,159.0,14.0,.280,50.0,.459,209.0,2018-19,23.0,.605,38.0,44.0,14.0,NBA,895.0,Chandler Hutchison,31.0,59.0,SF,229.0,23.0,CHI,25.0,185.0,
22.0,87.0,13.0,62.0,.483,105.0,62.0,.459,135.0,43.0,.339,127.0,.401,262.0,2018-19,41.0,.820,50.0,50.0,0.0,NBA,646.0,Aaron Holiday,5.0,71.0,PG,294.0,21.0,IND,40.0,67.0,
21.0,24.0,13.0,68.0,.480,71.0,49.0,.521,94.0,22.0,.286,77.0,.415,171.0,2018-19,43.0,.811,53.0,43.0,5.0,NBA,446.0,Moritz Wagner,17.0,57.0,C,207.0,11.0,LAL,39.0,85.0,
21.0,117.0,10.0,113.0,.581,240.0,73.0,.453,161.0,167.0,.422,396.0,.431,557.0,2018-19,75.0,.806,93.0,79.0,27.0,NBA,1802.0,Landry Shamet,21.0,155.0,SG,722.0,37.0,TOT,45.0,134.0,
21.0,7.0,40.0,54.0,.706,36.0,36.0,.706,51.0,0.0,,0.0,.706,51.0,2018-19,9.0,.600,15.0,32.0,2.0,NBA,283.0,Robert Williams,27.0,36.0,C,81.0,9.0,BOS,10.0,81.0,0.0
21.0,23.0,3.0,19.0,.377,18.0,14.0,.368,38.0,4.0,.267,15.0,.340,53.0,2018-19,0.0,.000,1.0,30.0,1.0,NBA,204.0,Jacob Evans,6.0,28.0,SG,40.0,5.0,GSW,11.0,25.0,
21.0,47.0,25.0,122.0,.492,98.0,54.0,.466,116.0,44.0,.344,128.0,.402,244.0,2018-19,32.0,.711,45.0,46.0,11.0,NBA,805.0,Omari Spellman,72.0,67.0,PF,272.0,26.0,ATL,31.0,194.0,
23.0,69.0,11.0,52.0,.395,56.0,22.0,.265,83.0,34.0,.333,102.0,.303,185.0,2018-19,26.0,.813,32.0,39.0,3.0,NBA,577.0,Jevon Carter,14.0,55.0,PG,172.0,26.0,MEM,33.0,66.0,
22.0,230.0,4.0,144.0,.523,264.0,201.0,.523,384.0,63.0,.348,181.0,.467,565.0,2018-19,87.0,.725,120.0,73.0,38.0,NBA,1591.0,Jalen Brunson,25.0,127.0,PG,678.0,37.0,DAL,88.0,169.0,
23.0,121.0,2.0,53.0,.421,74.0,40.0,.421,95.0,34.0,.281,121.0,.343,216.0,2018-19,35.0,.761,46.0,46.0,3.0,NBA,676.0,Devonte' Graham,10.0,48.0,PG,217.0,23.0,CHO,30.0,63.0,
22.0,1.0,0.0,2.0,.333,7.0,7.0,.467,15.0,0.0,.000,6.0,.333,21.0,2018-19,1.0,.250,4.0,10.0,0.0,NBA,44.0,Melvin Frazier,3.0,6.0,SG,15.0,1.0,ORL,1.0,5.0,
20.0,5.0,2.0,10.0,.370,16.0,11.0,.379,29.0,5.0,.238,21.0,.320,50.0,2018-19,3.0,.429,7.0,15.0,1.0,NBA,111.0,Gary Trent Jr.,1.0,4.0,SG,40.0,1.0,POR,4.0,11.0,
22.0,8.0,5.0,16.0,.391,22.0,12.0,.353,34.0,10.0,.286,35.0,.319,69.0,2018-19,7.0,.636,11.0,26.0,0.0,NBA,195.0,Khyri Thomas,4.0,22.0,SG,61.0,7.0,DET,4.0,20.0,
19.0,3.0,1.0,16.0,.474,9.0,9.0,.500,18.0,0.0,.000,1.0,.474,19.0,2018-19,6.0,.600,10.0,17.0,0.0,NBA,69.0,Jarred Vanderbilt,7.0,8.0,PF,24.0,6.0,DEN,8.0,23.0,
22.0,91.0,36.0,137.0,.436,125.0,101.0,.457,221.0,24.0,.258,93.0,.398,314.0,2018-19,45.0,.750,60.0,74.0,56.0,NBA,1449.0,Bruce Brown,48.0,178.0,SG,319.0,40.0,DET,46.0,185.0,
20.0,17.0,10.0,59.0,.467,75.0,71.0,.504,141.0,4.0,.167,24.0,.455,165.0,2018-19,36.0,.610,59.0,51.0,3.0,NBA,526.0,Hamidou Diallo,38.0,77.0,SG,190.0,21.0,OKC,23.0,97.0,
20.0,159.0,23.0,109.0,.447,100.0,71.0,.441,161.0,29.0,.305,95.0,.391,256.0,2018-19,21.0,.750,28.0,50.0,31.0,NBA,984.0,De'Anthony Melton,25.0,113.0,PG,250.0,68.0,PHO,75.0,134.0,
21.0,37.0,1.0,27.0,.432,46.0,17.0,.333,51.0,29.0,.326,89.0,.329,140.0,2018-19,12.0,.600,20.0,42.0,0.0,NBA,440.0,Svi Mykhailiuk,9.0,25.0,SF,133.0,14.0,TOT,21.0,36.0,
23.0,17.0,14.0,67.0,.468,60.0,47.0,.522,90.0,13.0,.250,52.0,.423,142.0,2018-19,18.0,.643,28.0,30.0,3.0,NBA,503.0,Keita Bates-Diop,16.0,29.0,SF,151.0,18.0,MIN,14.0,83.0,
21.0,13.0,2.0,27.0,.328,19.0,19.0,.339,56.0,0.0,.000,2.0,.328,58.0,2018-19,13.0,.765,17.0,29.0,0.0,NBA,145.0,Chimezie Metu,9.0,14.0,PF,51.0,6.0,SAS,15.0,36.0,
22.0,1.0,3.0,15.0,.281,4.0,3.0,.214,14.0,1.0,.500,2.0,.250,16.0,2018-19,4.0,.500,8.0,14.0,0.0,NBA,64.0,Alize Johnson,4.0,7.0,PF,13.0,1.0,IND,0.0,19.0,
22.0,0.0,0.0,1.0,.375,1.0,0.0,,0.0,1.0,.250,4.0,.250,4.0,2018-19,0.0,,0.0,2.0,0.0,NBA,16.0,Vince Edwards,1.0,0.0,SF,3.0,0.0,HOU,0.0,2.0,
24.0,13.0,1.0,5.0,.267,6.0,2.0,.154,13.0,4.0,.235,17.0,.200,30.0,2019-20,4.0,.500,8.0,11.0,0.0,NBA,81.0,Devon Hall,2.0,6.0,PG,20.0,4.0,OKC,5.0,7.0,
22.0,18.0,8.0,26.0,.471,34.0,20.0,.465,43.0,14.0,.318,44.0,.391,87.0,2018-19,5.0,.714,7.0,20.0,0.0,NBA,268.0,Shake Milton,9.0,29.0,SG,87.0,8.0,PHI,6.0,35.0,
21.0,5.0,8.0,33.0,.532,25.0,25.0,.568,44.0,0.0,.000,3.0,.532,47.0,2018-19,4.0,.333,12.0,14.0,3.0,NBA,148.0,Ray Spalding,15.0,23.0,PF,54.0,9.0,TOT,9.0,48.0,
23.0,5.0,1.0,11.0,.315,7.0,4.0,.571,7.0,3.0,.150,20.0,.259,27.0,2019-20,0.0,,0.0,10.0,0.0,NBA,52.0,Kevin Hervey,1.0,4.0,PF,17.0,1.0,OKC,0.0,12.0,
22.0,5.0,0.0,4.0,.654,7.0,4.0,.667,6.0,3.0,.429,7.0,.538,13.0,2018-19,1.0,.500,2.0,11.0,0.0,NBA,36.0,Thomas Welsh,0.0,3.0,C,18.0,0.0,DEN,1.0,4.0,
25.0,0.0,0.0,1.0,,0.0,0.0,,0.0,0.0,,0.0,,0.0,2018-19,0.0,,0.0,1.0,0.0,NBA,6.0,George King,0.0,0.0,SF,0.0,0.0,PHO,0.0,1.0,
21.0,0.0,0.0,1.0,.000,0.0,0.0,.000,3.0,0.0,,0.0,.000,3.0,2018-19,2.0,.500,4.0,2.0,0.0,NBA,11.0,Kostas Antetokounmpo,0.0,0.0,PF,2.0,2.0,DAL,1.0,1.0,
19.0,50.0,9.0,86.0,.592,210.0,204.0,.590,346.0,6.0,.429,14.0,.583,360.0,2019-20,114.0,.640,178.0,24.0,24.0,NBA,668.0,Zion Williamson,64.0,42.0,PF,540.0,16.0,NOP,59.0,150.0,
20.0,488.0,18.0,208.0,.509,447.0,387.0,.511,758.0,60.0,.335,179.0,.477,937.0,2019-20,239.0,.776,308.0,67.0,67.0,NBA,2074.0,Ja Morant,51.0,110.0,PG,1193.0,58.0,MEM,220.0,259.0,2.0
19.0,143.0,17.0,229.0,.445,292.0,229.0,.432,530.0,63.0,.320,197.0,.402,727.0,2019-20,156.0,.614,254.0,56.0,55.0,NBA,1704.0,RJ Barrett,50.0,122.0,SG,803.0,55.0,NYK,124.0,279.0,
22.0,112.0,18.0,242.0,.489,280.0,172.0,.454,379.0,108.0,.355,304.0,.410,683.0,2019-20,110.0,.764,144.0,63.0,62.0,NBA,2018.0,De'Andre Hunter,44.0,182.0,SF,778.0,44.0,ATL,103.0,286.0,
20.0,229.0,4.0,84.0,.476,280.0,175.0,.434,403.0,105.0,.355,296.0,.401,699.0,2019-20,63.0,.875,72.0,59.0,59.0,NBA,1824.0,Darius Garland,27.0,92.0,SG,728.0,42.0,CLE,151.0,111.0,0.0
20.0,110.0,38.0,142.0,.462,230.0,164.0,.471,348.0,66.0,.299,221.0,.404,569.0,2019-20,54.0,.462,117.0,63.0,35.0,NBA,1506.0,Jarrett Culver,70.0,125.0,SG,580.0,57.0,MIN,81.0,212.0,
19.0,175.0,6.0,202.0,.478,312.0,179.0,.430,416.0,133.0,.354,376.0,.394,792.0,2019-20,102.0,.791,129.0,65.0,1.0,NBA,1674.0,Coby White,28.0,117.0,PG,859.0,49.0,CHI,109.0,230.0,
19.0,56.0,55.0,162.0,.674,174.0,173.0,.678,255.0,1.0,.250,4.0,.672,259.0,2019-20,123.0,.647,190.0,64.0,14.0,NBA,1080.0,Jaxson Hayes,97.0,161.0,C,472.0,26.0,NOP,53.0,259.0,
21.0,87.0,8.0,216.0,.489,254.0,229.0,.500,458.0,25.0,.287,87.0,.466,545.0,2019-20,116.0,.829,140.0,48.0,48.0,NBA,1444.0,Rui Hachimura,78.0,105.0,PF,649.0,37.0,WAS,53.0,294.0,
20.0,87.0,28.0,181.0,.459,213.0,130.0,.428,304.0,83.0,.332,250.0,.384,554.0,2019-20,101.0,.802,126.0,58.0,34.0,NBA,1551.0,Cam Reddish,35.0,132.0,SF,610.0,62.0,ATL,96.0,216.0,
23.0,69.0,20.0,138.0,.565,176.0,70.0,.526,133.0,106.0,.390,272.0,.435,405.0,2019-20,46.0,.807,57.0,57.0,9.0,NBA,1255.0,Cameron Johnson,49.0,88.0,PF,504.0,36.0,PHO,32.0,187.0,
21.0,123.0,44.0,258.0,.528,268.0,182.0,.507,359.0,86.0,.374,230.0,.455,589.0,2019-20,88.0,.647,136.0,58.0,57.0,NBA,1759.0,P.J. Washington,58.0,158.0,PF,710.0,51.0,CHO,93.0,316.0,
20.0,121.0,9.0,208.0,.520,270.0,154.0,.462,333.0,116.0,.389,298.0,.428,631.0,2019-20,87.0,.870,100.0,55.0,8.0,NBA,1508.0,Tyler Herro,16.0,76.0,SG,743.0,34.0,MIA,87.0,224.0,
20.0,13.0,8.0,26.0,.381,28.0,23.0,.434,53.0,5.0,.185,27.0,.350,80.0,2019-20,18.0,.720,25.0,32.0,2.0,NBA,370.0,Romeo Langford,15.0,33.0,SG,79.0,8.0,BOS,11.0,41.0,
22.0,101.0,22.0,139.0,.492,135.0,86.0,.470,183.0,49.0,.348,141.0,.417,324.0,2020-21,30.0,.750,40.0,45.0,19.0,NBA,1133.0,Chuma Okeke,42.0,48.0,PF,349.0,48.0,ORL,38.0,181.0,
21.0,89.0,8.0,75.0,.455,98.0,52.0,.391,133.0,46.0,.346,133.0,.368,266.0,2019-20,25.0,.676,37.0,47.0,1.0,NBA,591.0,Nickeil Alexander-Walker,9.0,57.0,SG,267.0,17.0,NOP,54.0,84.0,
22.0,79.0,47.0,63.0,.528,112.0,56.0,.519,108.0,56.0,.357,157.0,.423,265.0,2019-20,25.0,.610,41.0,65.0,14.0,NBA,1287.0,Matisse Thybulle,44.0,141.0,SG,305.0,94.0,PHI,51.0,107.0,
23.0,81.0,48.0,253.0,.642,296.0,273.0,.658,415.0,23.0,.359,64.0,.618,479.0,2019-20,85.0,.759,112.0,58.0,4.0,NBA,1300.0,Brandon Clarke,92.0,100.0,PF,700.0,32.0,MEM,55.0,345.0,
21.0,68.0,36.0,119.0,.469,87.0,63.0,.548,115.0,24.0,.250,96.0,.412,211.0,2019-20,39.0,.722,54.0,69.0,5.0,NBA,1043.0,Grant Williams,59.0,163.0,PF,237.0,30.0,BOS,50.0,178.0,
22.0,44.0,3.0,39.0,.398,38.0,24.0,.381,63.0,14.0,.280,50.0,.336,113.0,2019-20,12.0,.750,16.0,31.0,0.0,NBA,328.0,Ty Jerome,7.0,29.0,SG,102.0,15.0,PHO,18.0,46.0,
19.0,22.0,14.0,77.0,.477,65.0,51.0,.554,92.0,14.0,.237,59.0,.430,151.0,2019-20,28.0,.636,44.0,48.0,5.0,NBA,573.0,Nassir Little,31.0,72.0,PF,172.0,13.0,POR,15.0,108.0,
24.0,33.0,12.0,87.0,.538,57.0,31.0,.585,53.0,26.0,.338,77.0,.438,130.0,2020-21,21.0,.778,27.0,31.0,0.0,NBA,513.0,Dylan Windler,20.0,37.0,SF,161.0,19.0,CLE,32.0,107.0,
22.0,2.0,2.0,10.0,.578,14.0,5.0,.417,12.0,9.0,.450,20.0,.438,32.0,2019-20,5.0,1.000,5.0,12.0,0.0,NBA,64.0,Mfiondu Kabengele,1.0,9.0,C,42.0,2.0,LAC,2.0,11.0,
20.0,134.0,10.0,109.0,.406,167.0,93.0,.392,237.0,74.0,.279,265.0,.333,502.0,2019-20,95.0,.798,119.0,57.0,14.0,NBA,1274.0,Jordan Poole,9.0,94.0,SG,503.0,35.0,GSW,74.0,118.0,
20.0,15.0,2.0,47.0,.669,53.0,40.0,.597,67.0,13.0,.591,22.0,.596,89.0,2019-20,35.0,.795,44.0,17.0,1.0,NBA,301.0,Keldon Johnson,10.0,28.0,SF,154.0,14.0,SAS,13.0,57.0,
19.0,109.0,14.0,140.0,.505,186.0,133.0,.506,263.0,53.0,.335,158.0,.442,421.0,2019-20,73.0,.723,101.0,50.0,3.0,NBA,1162.0,Kevin Porter Jr.,22.0,135.0,SF,498.0,46.0,CLE,93.0,162.0,0.0
20.0,16.0,8.0,25.0,.573,27.0,26.0,.634,41.0,1.0,.143,7.0,.563,48.0,2019-20,11.0,.524,21.0,15.0,0.0,NBA,187.0,Nic Claxton,19.0,14.0,C,66.0,1.0,BRK,9.0,44.0,
20.0,1.0,1.0,4.0,.600,3.0,3.0,.750,4.0,0.0,.000,1.0,.600,5.0,2019-20,1.0,.500,2.0,5.0,0.0,NBA,26.0,KZ Okpala,1.0,2.0,PF,7.0,2.0,MIA,1.0,5.0,
21.0,24.0,4.0,41.0,.422,42.0,18.0,.346,52.0,24.0,.316,76.0,.328,128.0,2019-20,13.0,.684,19.0,37.0,0.0,NBA,351.0,Carsen Edwards,6.0,34.0,SG,121.0,12.0,BOS,15.0,47.0,
21.0,49.0,17.0,131.0,.530,103.0,98.0,.605,162.0,5.0,.135,37.0,.518,199.0,2019-20,29.0,.569,51.0,56.0,13.0,NBA,713.0,Bruno Fernando,67.0,107.0,C,240.0,18.0,ATL,42.0,198.0,
24.0,95.0,9.0,120.0,.473,89.0,71.0,.546,130.0,18.0,.234,77.0,.430,207.0,2019-20,42.0,.646,65.0,48.0,3.0,NBA,903.0,Cody Martin,38.0,78.0,SF,238.0,39.0,CHO,44.0,158.0,
21.0,21.0,56.0,54.0,.701,94.0,94.0,.701,134.0,0.0,,0.0,.701,134.0,2019-20,32.0,.533,60.0,43.0,7.0,NBA,609.0,Daniel Gafford,52.0,98.0,C,220.0,13.0,CHI,29.0,106.0,
23.0,18.0,9.0,26.0,.470,35.0,26.0,.473,55.0,9.0,.310,29.0,.417,84.0,2019-20,10.0,.476,21.0,36.0,0.0,NBA,232.0,Justin James,6.0,17.0,SF,89.0,6.0,SAC,8.0,32.0,
23.0,127.0,13.0,193.0,.526,318.0,281.0,.550,511.0,37.0,.287,129.0,.497,640.0,2019-20,164.0,.774,212.0,60.0,26.0,NBA,1654.0,Eric Paschall,82.0,125.0,PF,837.0,32.0,GSW,94.0,275.0,
22.0,15.0,4.0,40.0,.484,35.0,16.0,.516,31.0,19.0,.311,61.0,.380,92.0,2019-20,10.0,.667,15.0,33.0,2.0,NBA,368.0,Admiral Schofield,7.0,50.0,PF,99.0,8.0,WAS,7.0,47.0,
20.0,19.0,1.0,10.0,.387,19.0,16.0,.593,27.0,3.0,.115,26.0,.358,53.0,2019-20,16.0,.941,17.0,15.0,0.0,NBA,151.0,Jaylen Nowell,3.0,11.0,SG,57.0,3.0,MIN,3.0,13.0,
20.0,6.0,6.0,14.0,.571,14.0,10.0,.526,19.0,4.0,.444,9.0,.500,28.0,2019-20,8.0,.800,10.0,7.0,0.0,NBA,87.0,Bol Bol,5.0,11.0,PF,40.0,2.0,DEN,10.0,19.0,
21.0,0.0,0.0,2.0,.000,0.0,0.0,.000,1.0,0.0,,0.0,.000,1.0,2019-20,0.0,,0.0,3.0,0.0,NBA,11.0,Isaiah Roby,0.0,1.0,PF,0.0,0.0,OKC,1.0,2.0,
19.0,6.0,1.0,5.0,.533,14.0,10.0,.588,17.0,4.0,.308,13.0,.467,30.0,2019-20,2.0,.500,4.0,6.0,1.0,NBA,81.0,Talen Horton-Tucker,2.0,10.0,SG,34.0,8.0,LAL,6.0,7.0,
21.0,4.0,1.0,3.0,.295,6.0,5.0,.385,13.0,1.0,.111,9.0,.273,22.0,2019-20,4.0,.800,5.0,9.0,0.0,NBA,53.0,Ignas Brazdeikis,2.0,3.0,SF,17.0,0.0,NYK,2.0,5.0,
23.0,53.0,5.0,45.0,.513,37.0,30.0,.508,59.0,7.0,.350,20.0,.468,79.0,2019-20,18.0,.667,27.0,41.0,6.0,NBA,362.0,Terance Mann,10.0,46.0,SF,99.0,11.0,LAC,18.0,55.0,
23.0,11.0,1.0,6.0,.324,5.0,4.0,.333,12.0,1.0,.200,5.0,.294,17.0,2019-20,1.0,.500,2.0,11.0,0.0,NBA,78.0,Quinndary Weatherspoon,1.0,8.0,SG,12.0,3.0,SAS,5.0,7.0,
23.0,11.0,5.0,18.0,.411,10.0,7.0,.467,15.0,3.0,.231,13.0,.357,28.0,2019-20,1.0,.500,2.0,9.0,0.0,NBA,96.0,Jarrell Brantley,2.0,7.0,PF,24.0,3.0,UTA,7.0,20.0,
22.0,16.0,2.0,12.0,.327,14.0,10.0,.400,25.0,4.0,.167,24.0,.286,49.0,2019-20,8.0,1.000,8.0,11.0,1.0,NBA,119.0,Tremont Waters,0.0,13.0,PG,40.0,10.0,BOS,15.0,12.0,
22.0,13.0,3.0,50.0,.536,33.0,24.0,.522,46.0,9.0,.375,24.0,.471,70.0,2019-20,14.0,.824,17.0,16.0,0.0,NBA,293.0,Jalen McDaniels,15.0,36.0,SF,89.0,8.0,CHO,11.0,65.0,
22.0,7.0,0.0,5.0,.400,7.0,5.0,.500,10.0,2.0,.200,10.0,.350,20.0,2019-20,3.0,.750,4.0,4.0,0.0,NBA,45.0,Justin Wright-Foreman,0.0,5.0,PG,19.0,2.0,UTA,3.0,5.0,
24.0,1.0,1.0,6.0,.333,3.0,1.0,.167,6.0,2.0,.333,6.0,.250,12.0,2019-20,3.0,.750,4.0,4.0,0.0,NBA,28.0,Marial Shayok,1.0,4.0,SG,11.0,0.0,PHI,3.0,7.0,
22.0,1.0,0.0,1.0,.400,2.0,2.0,1.000,2.0,0.0,.000,3.0,.400,5.0,2019-20,0.0,,0.0,3.0,0.0,NBA,10.0,Kyle Guy,0.0,1.0,SG,4.0,0.0,SAC,0.0,1.0,
22.0,8.0,0.0,4.0,.300,5.0,3.0,.300,10.0,2.0,.200,10.0,.250,20.0,2019-20,0.0,,0.0,10.0,0.0,NBA,53.0,Jordan Bone,0.0,6.0,PG,12.0,1.0,DET,2.0,4.0,
22.0,4.0,2.0,12.0,.484,12.0,5.0,.385,13.0,7.0,.368,19.0,.375,32.0,2019-20,4.0,.800,5.0,10.0,1.0,NBA,109.0,Miye Oni,5.0,9.0,SF,35.0,4.0,UTA,4.0,17.0,
23.0,3.0,0.0,9.0,.393,5.0,4.0,.333,12.0,1.0,.500,2.0,.357,14.0,2019-20,3.0,.600,5.0,6.0,0.0,NBA,28.0,Dewan Hernandez,5.0,6.0,C,14.0,1.0,TOR,3.0,14.0,
19.0,211.0,36.0,277.0,.488,505.0,334.0,.483,691.0,171.0,.329,520.0,.417,1211.0,2020-21,211.0,.776,272.0,72.0,55.0,NBA,2314.0,Anthony Edwards,59.0,129.0,SG,1392.0,82.0,MIN,160.0,336.0,
19.0,26.0,36.0,171.0,.535,191.0,179.0,.542,330.0,12.0,.316,38.0,.519,368.0,2020-21,54.0,.628,86.0,39.0,27.0,NBA,836.0,James Wiseman,55.0,121.0,C,448.0,11.0,GSW,60.0,226.0,
19.0,99.0,46.0,261.0,.534,255.0,201.0,.515,390.0,54.0,.391,138.0,.483,528.0,2020-21,91.0,.728,125.0,71.0,71.0,NBA,1983.0,Patrick Williams,66.0,126.0,PF,655.0,64.0,CHI,98.0,327.0,
20.0,128.0,24.0,138.0,.476,235.0,173.0,.501,345.0,62.0,.290,214.0,.420,559.0,2020-21,114.0,.726,157.0,67.0,67.0,NBA,2173.0,Isaac Okoro,68.0,185.0,SG,646.0,62.0,CLE,86.0,206.0,
20.0,18.0,33.0,101.0,.644,96.0,96.0,.658,146.0,0.0,.000,3.0,.644,149.0,2020-21,36.0,.632,57.0,50.0,4.0,NBA,601.0,Onyeka Okongwu,62.0,100.0,C,228.0,23.0,ATL,29.0,163.0,
22.0,29.0,15.0,112.0,.560,104.0,78.0,.629,124.0,26.0,.306,85.0,.498,209.0,2020-21,19.0,.731,26.0,62.0,0.0,NBA,683.0,Obi Toppin,26.0,55.0,PF,253.0,17.0,NYK,23.0,138.0,
20.0,4.0,5.0,30.0,.480,22.0,18.0,.545,33.0,4.0,.235,17.0,.440,50.0,2020-21,5.0,.714,7.0,27.0,1.0,NBA,156.0,Jalen Smith,7.0,16.0,PF,53.0,1.0,PHO,7.0,37.0,
20.0,56.0,18.0,150.0,.492,123.0,71.0,.464,153.0,52.0,.347,150.0,.406,303.0,2020-21,43.0,.843,51.0,62.0,7.0,NBA,1056.0,Devin Vassell,24.0,88.0,SF,341.0,43.0,SAS,22.0,174.0,
20.0,309.0,28.0,134.0,.569,292.0,171.0,.529,323.0,121.0,.409,296.0,.472,619.0,2020-21,48.0,.857,56.0,58.0,20.0,NBA,1746.0,Tyrese Haliburton,39.0,83.0,PG,753.0,77.0,SAC,92.0,173.0,
19.0,124.0,10.0,59.0,.445,130.0,90.0,.415,217.0,40.0,.333,120.0,.386,337.0,2020-21,43.0,.843,51.0,54.0,0.0,NBA,904.0,Kira Lewis Jr.,12.0,88.0,PG,343.0,38.0,NOP,34.0,71.0,
21.0,23.0,9.0,99.0,.551,78.0,38.0,.543,70.0,40.0,.370,108.0,.438,178.0,2020-21,22.0,.786,28.0,46.0,1.0,NBA,669.0,Aaron Nesmith,28.0,87.0,SF,218.0,15.0,BOS,23.0,127.0,
20.0,192.0,18.0,183.0,.449,219.0,161.0,.424,380.0,58.0,.337,172.0,.397,552.0,2020-21,109.0,.832,131.0,47.0,34.0,NBA,1273.0,Cole Anthony,38.0,98.0,PG,605.0,30.0,ORL,106.0,221.0,
19.0,59.0,86.0,294.0,.578,226.0,205.0,.592,346.0,21.0,.333,63.0,.553,409.0,2020-21,64.0,.696,92.0,68.0,14.0,NBA,1455.0,Isaiah Stewart,159.0,184.0,C,537.0,39.0,DET,67.0,453.0,
20.0,28.0,3.0,50.0,.473,42.0,38.0,.559,68.0,4.0,.160,25.0,.452,93.0,2020-21,13.0,.565,23.0,39.0,5.0,NBA,445.0,Josh Green,28.0,35.0,SG,101.0,16.0,DAL,17.0,78.0,
21.0,95.0,14.0,275.0,.530,279.0,104.0,.450,231.0,175.0,.380,460.0,.404,691.0,2020-21,124.0,.844,147.0,70.0,53.0,NBA,1909.0,Saddiq Bey,43.0,110.0,SF,857.0,52.0,DET,60.0,318.0,
21.0,29.0,28.0,135.0,.544,124.0,124.0,.546,227.0,0.0,.000,1.0,.544,228.0,2020-21,56.0,.509,110.0,61.0,4.0,NBA,737.0,Precious Achiuwa,73.0,91.0,PF,304.0,20.0,MIA,43.0,208.0,
20.0,120.0,13.0,93.0,.498,198.0,167.0,.512,326.0,31.0,.301,103.0,.462,429.0,2020-21,61.0,.871,70.0,61.0,8.0,NBA,935.0,Tyrese Maxey,11.0,79.0,SG,488.0,26.0,PHI,41.0,104.0,
20.0,10.0,4.0,51.0,.596,50.0,26.0,.578,45.0,24.0,.407,59.0,.481,104.0,2020-21,12.0,.800,15.0,42.0,1.0,NBA,397.0,Zeke Nnaji,14.0,29.0,PF,136.0,8.0,DEN,7.0,65.0,
21.0,127.0,12.0,112.0,.497,229.0,111.0,.401,277.0,118.0,.389,303.0,.395,580.0,2020-21,155.0,.891,174.0,64.0,3.0,NBA,1243.0,Immanuel Quickley,25.0,114.0,PG,731.0,30.0,NYK,58.0,137.0,0.0
23.0,120.0,9.0,125.0,.562,184.0,82.0,.482,170.0,102.0,.411,248.0,.440,418.0,2020-21,40.0,.889,45.0,66.0,4.0,NBA,1268.0,Payton Pritchard,33.0,104.0,SG,510.0,37.0,BOS,53.0,158.0,
21.0,0.0,4.0,9.0,.444,4.0,4.0,.444,9.0,0.0,,0.0,.444,9.0,2020-21,8.0,.800,10.0,15.0,0.0,NBA,57.0,Udoka Azubuike,4.0,9.0,C,16.0,1.0,UTA,3.0,13.0,
20.0,71.0,60.0,180.0,.545,164.0,92.0,.544,169.0,72.0,.364,198.0,.447,367.0,2020-21,27.0,.600,45.0,63.0,27.0,NBA,1511.0,Jaden McDaniels,52.0,172.0,PF,427.0,35.0,MIN,47.0,232.0,
22.0,137.0,7.0,106.0,.453,127.0,73.0,.424,172.0,54.0,.321,168.0,.374,340.0,2020-21,45.0,.804,56.0,47.0,14.0,NBA,928.0,Malachi Flynn,10.0,68.0,PG,353.0,38.0,TOR,43.0,116.0,
22.0,118.0,16.0,179.0,.586,234.0,117.0,.513,228.0,117.0,.432,271.0,.469,499.0,2020-21,40.0,.816,49.0,68.0,17.0,NBA,1519.0,Desmond Bane,31.0,125.0,SG,625.0,41.0,MEM,59.0,210.0,
20.0,6.0,0.0,6.0,.313,5.0,5.0,.556,9.0,0.0,.000,7.0,.313,16.0,2020-21,1.0,.333,3.0,11.0,0.0,NBA,56.0,Tyrell Terry,0.0,2.0,PG,11.0,5.0,DAL,2.0,6.0,
19.0,2.0,5.0,21.0,.514,18.0,17.0,.586,29.0,1.0,.143,7.0,.500,36.0,2020-21,9.0,.818,11.0,19.0,4.0,NBA,115.0,Vernon Carey Jr.,6.0,13.0,C,46.0,1.0,CHO,5.0,27.0,
21.0,10.0,7.0,27.0,.433,22.0,21.0,.447,47.0,1.0,.200,5.0,.423,52.0,2020-21,9.0,.750,12.0,30.0,0.0,NBA,161.0,Daniel Oturu,21.0,24.0,C,54.0,4.0,LAC,9.0,48.0,
22.0,75.0,33.0,182.0,.595,167.0,145.0,.620,234.0,22.0,.338,65.0,.559,299.0,2020-21,34.0,.642,53.0,59.0,12.0,NBA,1085.0,Xavier Tillman Sr.,74.0,116.0,PF,390.0,44.0,MEM,45.0,256.0,
22.0,3.0,1.0,11.0,.341,7.0,6.0,.333,18.0,1.0,.250,4.0,.318,22.0,2020-21,3.0,.600,5.0,18.0,0.0,NBA,71.0,Tyler Bey,8.0,6.0,SF,18.0,0.0,DAL,3.0,19.0,
21.0,174.0,13.0,77.0,.490,99.0,91.0,.487,187.0,8.0,.348,23.0,.471,210.0,2020-21,61.0,.685,89.0,48.0,7.0,NBA,781.0,Saben Lee,20.0,76.0,PG,267.0,32.0,DET,55.0,97.0,
22.0,6.0,1.0,8.0,.467,10.0,2.0,.286,7.0,8.0,.348,23.0,.333,30.0,2020-21,3.0,.750,4.0,18.0,0.0,NBA,64.0,Elijah Hughes,1.0,1.0,SF,31.0,1.0,UTA,6.0,9.0,
21.0,2.0,3.0,12.0,.425,8.0,7.0,.500,14.0,1.0,.167,6.0,.400,20.0,2020-21,3.0,.375,8.0,13.0,0.0,NBA,45.0,Robert Woodard II,4.0,4.0,SF,20.0,0.0,SAC,1.0,16.0,
21.0,39.0,0.0,13.0,.494,37.0,34.0,.466,73.0,3.0,.600,5.0,.474,78.0,2020-21,17.0,.895,19.0,37.0,1.0,NBA,269.0,Tre Jones,8.0,13.0,PG,94.0,8.0,SAS,13.0,21.0,
23.0,2.0,0.0,7.0,.444,4.0,4.0,.500,8.0,0.0,.000,1.0,.444,9.0,2020-21,7.0,.636,11.0,18.0,0.0,NBA,63.0,Nick Richards,4.0,7.0,PF,15.0,0.0,CHO,3.0,11.0,
19.0,6.0,1.0,8.0,.461,15.0,10.0,.526,19.0,5.0,.263,19.0,.395,38.0,2020-21,5.0,1.000,5.0,13.0,0.0,NBA,94.0,Jahmi'us Ramsey,2.0,8.0,SG,40.0,4.0,SAC,3.0,10.0,
22.0,7.0,7.0,51.0,.563,62.0,34.0,.466,73.0,28.0,.452,62.0,.459,135.0,2020-21,19.0,.760,25.0,30.0,2.0,NBA,274.0,Jordan Nwora,9.0,22.0,SF,171.0,16.0,MIL,24.0,60.0,
20.0,10.0,3.0,21.0,.432,25.0,18.0,.563,32.0,7.0,.206,34.0,.379,66.0,2020-21,11.0,.733,15.0,30.0,0.0,NBA,192.0,CJ Elleby,11.0,27.0,SF,68.0,6.0,POR,5.0,32.0,
19.0,70.0,1.0,40.0,.439,39.0,17.0,.315,54.0,22.0,.367,60.0,.342,114.0,2020-21,23.0,.821,28.0,30.0,1.0,NBA,364.0,Nico Mannion,6.0,29.0,PG,123.0,16.0,GSW,31.0,46.0,
21.0,20.0,4.0,30.0,.508,48.0,9.0,.333,27.0,39.0,.368,106.0,.361,133.0,2020-21,18.0,.750,24.0,41.0,1.0,NBA,383.0,Isaiah Joe,6.0,34.0,SG,153.0,12.0,PHI,11.0,36.0,
23.0,30.0,2.0,25.0,.520,44.0,30.0,.517,58.0,14.0,.350,40.0,.449,98.0,2020-21,22.0,.880,25.0,33.0,0.0,NBA,269.0,Skylar Mays,10.0,15.0,SG,124.0,14.0,ATL,9.0,35.0,
22.0,12.0,1.0,9.0,.545,14.0,6.0,.375,16.0,8.0,.471,17.0,.424,33.0,2020-21,5.0,.833,6.0,22.0,0.0,NBA,98.0,Cassius Winston,0.0,8.0,PG,41.0,2.0,WAS,5.0,9.0,
21.0,1.0,2.0,12.0,.337,13.0,10.0,.333,30.0,3.0,.231,13.0,.302,43.0,2020-21,7.0,.778,9.0,24.0,0.0,NBA,93.0,Cassius Stanley,8.0,14.0,SG,36.0,1.0,IND,1.0,20.0,
20.0,1.0,0.0,12.0,.417,14.0,12.0,.444,27.0,2.0,.222,9.0,.389,36.0,2020-21,5.0,1.000,5.0,4.0,1.0,NBA,84.0,Jay Scrubb,2.0,5.0,SG,35.0,4.0,LAC,7.0,14.0,
23.0,3.0,0.0,1.0,.750,8.0,6.0,.750,8.0,2.0,.500,4.0,.667,12.0,2020-21,0.0,,0.0,7.0,0.0,NBA,27.0,Grant Riller,0.0,0.0,PG,18.0,1.0,CHO,1.0,1.0,
20.0,14.0,6.0,46.0,.436,32.0,28.0,.491,57.0,4.0,.190,21.0,.410,78.0,2020-21,10.0,.769,13.0,26.0,0.0,NBA,211.0,Reggie Perry,27.0,40.0,PF,78.0,6.0,BRK,15.0,73.0,
21.0,12.0,13.0,31.0,.538,42.0,42.0,.583,72.0,0.0,.000,6.0,.538,78.0,2020-21,4.0,.500,8.0,26.0,0.0,NBA,177.0,Paul Reed,30.0,29.0,PF,88.0,10.0,PHI,12.0,61.0,
22.0,17.0,0.0,15.0,.618,36.0,19.0,.528,36.0,17.0,.472,36.0,.500,72.0,2020-21,7.0,.778,9.0,13.0,2.0,NBA,172.0,Jalen Harris,3.0,15.0,SG,96.0,8.0,TOR,14.0,18.0,
24.0,21.0,1.0,24.0,.590,32.0,11.0,.440,25.0,21.0,.447,47.0,.444,72.0,2020-21,4.0,1.000,4.0,30.0,2.0,NBA,233.0,Sam Merrill,6.0,17.0,SG,89.0,8.0,MIL,10.0,30.0,
20.0,356.0,43.0,296.0,.471,429.0,315.0,.472,668.0,114.0,.314,363.0,.416,1031.0,2021-22,142.0,.845,168.0,64.0,64.0,NBA,2088.0,Cade Cunningham,58.0,200.0,PG,1114.0,78.0,DET,234.0,354.0,2.0
20.0,174.0,115.0,427.0,.522,422.0,399.0,.541,738.0,23.0,.250,92.0,.508,830.0,2021-22,167.0,.663,252.0,69.0,69.0,NBA,2331.0,Evan Mobley,143.0,147.0,PF,1034.0,56.0,CLE,133.0,570.0,
20.0,256.0,55.0,362.0,.524,459.0,401.0,.543,739.0,58.0,.301,193.0,.492,932.0,2021-22,158.0,.735,215.0,74.0,74.0,NBA,2617.0,Scottie Barnes,195.0,192.0,PF,1134.0,80.0,TOR,136.0,557.0,
20.0,209.0,19.0,145.0,.400,198.0,156.0,.443,352.0,42.0,.214,196.0,.361,548.0,2021-22,126.0,.773,163.0,48.0,45.0,NBA,1307.0,Jalen Suggs,26.0,142.0,PG,564.0,59.0,ORL,143.0,171.0,
20.0,231.0,34.0,272.0,.517,456.0,360.0,.511,704.0,96.0,.354,271.0,.468,975.0,2021-22,189.0,.863,219.0,79.0,79.0,NBA,2429.0,Franz Wagner,84.0,164.0,SF,1197.0,68.0,ORL,119.0,356.0,
23.0,313.0,24.0,133.0,.477,352.0,251.0,.480,523.0,101.0,.316,320.0,.418,843.0,2021-22,56.0,.659,85.0,75.0,19.0,NBA,2076.0,Davion Mitchell,33.0,141.0,PG,861.0,55.0,SAC,114.0,166.0,
20.0,65.0,12.0,103.0,.540,191.0,115.0,.632,182.0,76.0,.314,242.0,.450,424.0,2021-22,43.0,.782,55.0,62.0,31.0,NBA,1346.0,Ziaire Williams,26.0,113.0,SF,501.0,35.0,MEM,41.0,129.0,
21.0,26.0,1.0,30.0,.408,49.0,32.0,.348,92.0,17.0,.347,49.0,.348,141.0,2021-22,27.0,.871,31.0,31.0,0.0,NBA,304.0,James Bouknight,22.0,29.0,SG,142.0,7.0,CHO,15.0,52.0,
19.0,81.0,23.0,81.0,.452,101.0,59.0,.444,133.0,42.0,.307,137.0,.374,270.0,2021-22,44.0,.746,59.0,50.0,16.0,NBA,965.0,Joshua Primo,32.0,79.0,SG,288.0,20.0,SAS,57.0,113.0,
24.0,114.0,10.0,185.0,.507,268.0,174.0,.475,366.0,94.0,.369,255.0,.432,621.0,2021-22,90.0,.804,112.0,55.0,39.0,NBA,1541.0,Chris Duarte,41.0,95.0,SG,720.0,56.0,IND,90.0,226.0,
19.0,23.0,10.0,63.0,.546,80.0,40.0,.548,73.0,40.0,.364,110.0,.437,183.0,2021-22,28.0,.778,36.0,52.0,11.0,NBA,607.0,Moses Moody,17.0,43.0,SG,228.0,7.0,GSW,13.0,80.0,
22.0,85.0,22.0,156.0,.564,234.0,122.0,.629,194.0,112.0,.350,320.0,.455,514.0,2021-22,54.0,.871,62.0,77.0,36.0,NBA,1801.0,Corey Kispert,53.0,93.0,SF,634.0,35.0,WAS,50.0,209.0,
21.0,38.0,7.0,100.0,.522,109.0,38.0,.418,91.0,71.0,.382,186.0,.394,277.0,2021-22,45.0,.882,51.0,62.0,1.0,NBA,864.0,Trey Murphy III,47.0,60.0,SF,334.0,23.0,NOP,16.0,147.0,
20.0,91.0,12.0,146.0,.476,231.0,133.0,.421,316.0,98.0,.360,272.0,.393,588.0,2021-22,65.0,.793,82.0,60.0,26.0,NBA,1367.0,Tre Mann,25.0,102.0,PG,625.0,47.0,OKC,71.0,171.0,
21.0,4.0,2.0,8.0,.679,9.0,8.0,.667,12.0,1.0,.500,2.0,.643,14.0,2021-22,3.0,.375,8.0,21.0,0.0,NBA,63.0,Kai Jones,3.0,8.0,C,22.0,1.0,CHO,6.0,11.0,
20.0,3.0,2.0,24.0,.573,22.0,19.0,.679,28.0,3.0,.231,13.0,.537,41.0,2021-22,5.0,.714,7.0,22.0,0.0,NBA,120.0,Jalen Johnson,2.0,9.0,PF,52.0,3.0,ATL,9.0,26.0,
19.0,76.0,12.0,57.0,.415,96.0,62.0,.360,172.0,34.0,.340,100.0,.353,272.0,2021-22,41.0,.804,51.0,37.0,12.0,NBA,697.0,Keon Johnson,24.0,69.0,SG,267.0,28.0,TOT,46.0,81.0,
20.0,10.0,52.0,89.0,.575,116.0,111.0,.584,190.0,5.0,.313,16.0,.563,206.0,2021-22,60.0,.682,88.0,36.0,15.0,NBA,541.0,Isaiah Jackson,60.0,92.0,PF,297.0,25.0,IND,40.0,149.0,
20.0,150.0,13.0,134.0,.504,224.0,168.0,.540,311.0,56.0,.296,189.0,.448,500.0,2021-22,83.0,.735,113.0,74.0,2.0,NBA,1334.0,Josh Christopher,52.0,97.0,SG,587.0,65.0,HOU,114.0,186.0,
21.0,44.0,11.0,70.0,.557,95.0,23.0,.500,46.0,72.0,.381,189.0,.404,235.0,2021-22,13.0,.684,19.0,46.0,6.0,NBA,786.0,Quentin Grimes,24.0,72.0,SG,275.0,31.0,NYK,28.0,94.0,
21.0,191.0,20.0,174.0,.518,230.0,99.0,.465,213.0,131.0,.366,358.0,.403,571.0,2021-22,107.0,.856,125.0,69.0,4.0,NBA,1310.0,Bones Hyland,14.0,153.0,PG,698.0,41.0,DEN,86.0,188.0,
20.0,78.0,8.0,145.0,.480,218.0,171.0,.520,329.0,47.0,.270,174.0,.433,503.0,2021-22,87.0,.829,105.0,67.0,2.0,NBA,1176.0,Cam Thomas,16.0,66.0,SG,570.0,33.0,BRK,55.0,161.0,
19.0,0.0,2.0,1.0,1.000,1.0,1.0,1.000,1.0,0.0,,0.0,1.000,1.0,2021-22,0.0,,0.0,2.0,0.0,NBA,6.0,Jaden Springer,1.0,0.0,SG,2.0,0.0,PHI,1.0,2.0,
20.0,17.0,15.0,79.0,.584,86.0,84.0,.592,142.0,2.0,.286,7.0,.577,149.0,2021-22,24.0,.585,41.0,32.0,8.0,NBA,391.0,Day'Ron Sharpe,81.0,60.0,PF,198.0,10.0,BRK,30.0,160.0,
21.0,21.0,10.0,54.0,.424,53.0,47.0,.560,84.0,6.0,.125,48.0,.402,132.0,2021-22,20.0,.625,32.0,32.0,0.0,NBA,360.0,Santi Aldama,33.0,36.0,PF,132.0,6.0,MEM,16.0,87.0,
21.0,49.0,15.0,199.0,.503,134.0,76.0,.478,159.0,58.0,.352,165.0,.414,324.0,2021-22,40.0,.741,54.0,49.0,36.0,NBA,1087.0,Jeremiah Robinson-Earl,75.0,75.0,C,366.0,29.0,OKC,39.0,274.0,
23.0,167.0,60.0,198.0,.525,274.0,217.0,.533,407.0,57.0,.337,169.0,.476,576.0,2021-22,137.0,.840,163.0,78.0,69.0,NBA,2335.0,Herbert Jones,98.0,238.0,PF,742.0,130.0,NOP,100.0,296.0,
21.0,41.0,1.0,38.0,.375,32.0,15.0,.375,40.0,17.0,.250,68.0,.296,108.0,2021-22,8.0,.667,12.0,40.0,2.0,NBA,372.0,Miles McBride,4.0,45.0,PG,89.0,14.0,NYK,5.0,42.0,
19.0,19.0,11.0,32.0,.500,24.0,17.0,.607,28.0,7.0,.259,27.0,.436,55.0,2021-22,12.0,.600,20.0,33.0,0.0,NBA,262.0,JT Thor,11.0,26.0,PF,67.0,8.0,CHO,10.0,43.0,
22.0,256.0,29.0,187.0,.585,278.0,208.0,.596,349.0,70.0,.376,186.0,.520,535.0,2021-22,53.0,.679,78.0,77.0,40.0,NBA,2110.0,Ayo Dosunmu,27.0,182.0,SG,679.0,60.0,CHI,108.0,214.0,
22.0,6.0,8.0,17.0,.447,17.0,17.0,.447,38.0,0.0,,0.0,.447,38.0,2021-22,11.0,.647,17.0,14.0,0.0,NBA,120.0,Neemias Queta,14.0,18.0,C,45.0,1.0,SAC,6.0,31.0,
21.0,63.0,8.0,40.0,.497,61.0,33.0,.524,63.0,28.0,.318,88.0,.404,151.0,2021-22,11.0,.688,16.0,42.0,1.0,NBA,360.0,Jared Butler,5.0,47.0,SG,161.0,17.0,UTA,33.0,45.0,
22.0,9.0,3.0,10.0,.482,20.0,6.0,.462,13.0,14.0,.326,43.0,.357,56.0,2021-22,7.0,.538,13.0,29.0,0.0,NBA,205.0,Joe Wieskamp,4.0,14.0,SG,61.0,4.0,SAS,2.0,14.0,
23.0,21.0,7.0,42.0,.606,41.0,14.0,.538,26.0,27.0,.422,64.0,.456,90.0,2021-22,12.0,.857,14.0,19.0,5.0,NBA,383.0,Isaiah Livers,15.0,37.0,SF,121.0,13.0,DET,15.0,57.0,
20.0,35.0,24.0,97.0,.476,81.0,62.0,.481,129.0,19.0,.311,61.0,.426,190.0,2021-22,44.0,.677,65.0,48.0,6.0,NBA,640.0,Greg Brown III,38.0,90.0,SF,225.0,26.0,POR,36.0,135.0,
21.0,31.0,24.0,128.0,.502,110.0,62.0,.473,131.0,48.0,.353,136.0,.412,267.0,2021-22,16.0,.842,19.0,48.0,23.0,NBA,987.0,Kessler Edwards,44.0,85.0,SF,284.0,29.0,BRK,42.0,172.0,
22.0,99.0,10.0,86.0,.443,83.0,70.0,.464,151.0,13.0,.255,51.0,.411,202.0,2021-22,26.0,.591,44.0,64.0,1.0,NBA,696.0,Dalano Banton,38.0,68.0,SF,205.0,28.0,TOR,53.0,124.0,
20.0,0.0,0.0,0.0,.000,0.0,0.0,,0.0,0.0,.000,1.0,.000,1.0,2021-22,0.0,,0.0,2.0,0.0,NBA,2.0,David Johnson,0.0,0.0,SG,0.0,0.0,TOR,0.0,0.0,
20.0,5.0,0.0,5.0,.250,3.0,2.0,.250,8.0,1.0,.167,6.0,.214,14.0,2021-22,0.0,,0.0,13.0,0.0,NBA,39.0,Sharife Cooper,0.0,1.0,PG,7.0,0.0,ATL,5.0,5.0,
20.0,51.0,13.0,94.0,.437,125.0,91.0,.425,214.0,34.0,.306,111.0,.385,325.0,2021-22,59.0,.819,72.0,51.0,0.0,NBA,760.0,Brandon Boston Jr.,17.0,43.0,SG,343.0,26.0,LAC,31.0,111.0,
23.0,20.0,6.0,42.0,.503,66.0,50.0,.510,98.0,16.0,.327,49.0,.449,147.0,2021-22,38.0,.623,61.0,32.0,5.0,NBA,389.0,Luka Garza,58.0,55.0,C,186.0,9.0,DET,18.0,100.0,
21.0,7.0,17.0,40.0,.638,30.0,30.0,.698,43.0,0.0,.000,4.0,.638,47.0,2021-22,9.0,.750,12.0,23.0,0.0,NBA,168.0,Charles Bassey,22.0,32.0,PF,69.0,5.0,PHI,8.0,62.0,
22.0,22.0,9.0,47.0,.591,57.0,35.0,.556,63.0,22.0,.423,52.0,.496,115.0,2021-22,18.0,.818,22.0,41.0,3.0,NBA,407.0,Sandro Mamukelashvili,35.0,28.0,PF,154.0,9.0,MIL,15.0,82.0,
23.0,68.0,10.0,127.0,.525,156.0,114.0,.573,199.0,42.0,.304,138.0,.463,337.0,2021-22,62.0,.729,85.0,50.0,35.0,NBA,1209.0,Aaron Wiggins,51.0,93.0,SG,416.0,30.0,OKC,54.0,178.0,
21.0,1.0,0.0,0.0,,0.0,0.0,,0.0,0.0,,0.0,,0.0,2021-22,1.0,.500,2.0,2.0,0.0,NBA,7.0,Scottie Lewis,0.0,0.0,SG,1.0,1.0,CHO,0.0,0.0,
23.0,21.0,22.0,108.0,.722,39.0,39.0,.722,54.0,0.0,,0.0,.722,54.0,2021-22,12.0,.414,29.0,41.0,5.0,NBA,555.0,Jericho Sims,61.0,66.0,PF,90.0,11.0,NYK,20.0,169.0,
